County,Farmer,Household size,Crop,Acreage,Fertilizer amount,Laborers,Yield,Power source,Water source,Crop insurance,Latitude,Longitude,Education_Degree,Education_Diploma,Education_Primary,Education_Secondary,Gender_Male,Age bracket_36-45,Age bracket_46-55,Age bracket_56-65,Age bracket_above 65,Main credit source_Family,Main credit source_Savings,Farm records_Yes,Main advisory source_Internet,Main advisory source_Public gatherings,Main advisory source_Radio,Main advisory source_Television,Extension provider_KALRO,Extension provider_National Government,Extension provider_Private Provider,Advisory format_SMS text,Advisory language_Kiswahili,Advisory language_Vernacular,Fertilizer_Category
TAITA TAVETA,fmr_65,0.75,corn,0.4,0.0625,0.0,0.4545454545454545,Manual,Rain,No,0.4615384615384617,0.22222222222221433,0,0,0,0,1,1,0,0,0,0,0,1,0,0,1,0,0,0,1,0,0,1,Medium
TAITA TAVETA,fmr_77,0.75,corn,0.0,0.0625,0.0,0.4,Manual,Rain,No,0.8461538461538449,0.36111111111110006,0,0,0,0,1,1,0,0,0,0,0,1,0,0,1,0,0,0,0,1,1,0,Medium
TAITA TAVETA,fmr_89,0.75,corn,0.4,0.27083333333333337,0.0,0.4,Manual,Rain,No,0.5897435897435894,0.27777777777777146,0,0,0,0,1,1,0,0,0,0,0,1,0,0,1,0,0,0,1,0,0,1,High
TAITA TAVETA,fmr_102,0.75,corn,0.33333333333333337,0.27083333333333337,0.16666666666666669,0.2727272727272727,Manual,Rain,No,0.6410256410256405,0.27777777777777146,0,0,0,0,1,1,0,0,0,0,0,1,0,0,1,0,0,0,0,1,1,0,High
TAITA TAVETA,fmr_25,0.25,corn,0.06666666666666667,0.0625,0.0,0.23636363636363636,Manual,Rain,No,0.6410256410256405,0.1666666666666572,0,0,0,0,1,0,1,0,0,0,0,1,0,0,1,0,0,0,1,0,0,1,Medium
TAITA TAVETA,fmr_26,0.25,corn,0.06666666666666667,0.27083333333333337,0.0,0.23636363636363636,Manual,Rain,No,0.5128205128205128,0.22222222222221433,0,0,0,0,1,0,1,0,0,0,0,1,0,0,1,0,0,1,0,0,1,0,High
TAITA TAVETA,fmr_109,0.625,corn,0.06666666666666667,0.041666666666666664,0.0,0.23636363636363636,Manual,Rain,No,0.7692307692307683,0.30555555555555713,0,0,0,0,0,0,1,0,0,0,0,0,0,0,1,0,0,0,1,0,1,0,Low
TAITA TAVETA,fmr_110,0.625,corn,0.0,0.2708333333333333,0.0,0.23636363636363636,Manual,Rain,No,0.7692307692307683,0.30555555555555713,0,0,0,0,0,0,1,0,0,0,0,0,0,0,0,0,0,0,0,1,1,0,High
TAITA TAVETA,fmr_336,0.5,corn,0.2,0.020833333333333336,0.3333333333333333,0.23636363636363636,Manual,Rain,No,0.6666666666666661,0.2499999999999858,0,0,0,0,1,0,1,0,0,0,1,0,0,0,0,0,0,0,0,1,0,0,Low
TAITA TAVETA,fmr_338,0.5,corn,0.2,0.20833333333333334,0.16666666666666669,0.23636363636363636,Manual,Rain,No,0.38461538461538325,0.1666666666666572,0,0,0,0,1,0,1,0,0,0,1,1,0,1,0,0,0,0,1,0,0,1,High
TAITA TAVETA,fmr_111,0.625,corn,0.06666666666666667,0.0625,0.16666666666666669,0.1818181818181818,Manual,Rain,No,0.7692307692307683,0.19444444444444287,0,0,0,0,0,0,1,0,0,0,0,1,0,0,1,0,0,0,1,0,0,1,Medium
TAITA TAVETA,fmr_339,0.5,corn,0.2,0.041666666666666664,0.16666666666666669,0.1818181818181818,Manual,Rain,No,0.02564102564102555,0.27777777777777146,0,0,0,0,1,0,1,0,0,0,1,0,0,0,0,0,0,0,0,1,1,0,Low
TAITA TAVETA,fmr_114,0.625,corn,0.0,0.052083333333333336,0.4166666666666667,0.15454545454545454,Manual,Rain,No,0.3333333333333339,0.6111111111110858,0,0,0,0,0,0,1,0,0,0,0,0,0,0,1,0,0,0,1,0,1,0,Medium
TAITA TAVETA,fmr_340,0.5,corn,0.06666666666666667,0.0,0.16666666666666669,0.15454545454545454,Manual,Rain,No,0.2820512820512828,0.6111111111110858,0,0,0,0,1,0,1,0,0,0,1,0,0,0,0,0,0,0,0,1,0,0,Low
TAITA TAVETA,fmr_27,0.25,corn,0.06666666666666667,0.010416666666666671,0.0,0.13636363636363635,Manual,Rain,No,0.7179487179487172,0.22222222222221433,0,0,0,0,1,0,1,0,0,0,0,1,0,0,1,0,0,0,1,0,0,1,Low
TAITA TAVETA,fmr_201,0.5,corn,0.2,0.0625,0.3333333333333333,0.23636363636363636,Manual,Rain,No,0.3589743589743577,0.36111111111110006,0,1,0,0,0,0,1,0,0,0,0,1,0,1,0,0,0,1,0,0,1,0,Medium
TAITA TAVETA,fmr_212,0.5,corn,0.06666666666666667,0.010416666666666671,0.0,0.19999999999999998,Manual,Rain,No,0.3589743589743577,0.3333333333333286,0,1,0,0,0,0,1,0,0,0,0,1,0,0,0,0,0,0,0,0,1,0,Low
TAITA TAVETA,fmr_48,0.0,corn,0.06666666666666667,0.020833333333333336,0.0,0.09090909090909091,Manual,Rain,No,0.6666666666666661,0.13888888888888573,0,1,0,0,1,0,0,1,0,0,0,0,0,0,1,0,0,0,0,1,0,0,Low
TAITA TAVETA,fmr_49,0.0,corn,0.0,0.20833333333333334,0.16666666666666669,0.09090909090909091,Manual,Rain,No,0.6410256410256405,0.22222222222221433,0,1,0,0,1,0,0,1,0,0,0,0,0,0,1,0,0,0,1,0,1,0,High
TAITA TAVETA,fmr_224,0.5,corn,0.06666666666666667,0.0,0.16666666666666669,0.09090909090909091,Manual,Rain,No,0.3589743589743577,0.36111111111110006,0,1,0,0,0,0,1,0,0,0,0,1,0,1,0,0,0,1,0,0,1,0,Low
TAITA TAVETA,fmr_50,0.0,corn,0.06666666666666667,0.0,0.3333333333333333,0.07272727272727272,Manual,Rain,No,0.3589743589743577,0.6111111111110858,0,1,0,0,1,0,0,1,0,0,0,1,0,0,1,0,0,0,0,1,0,0,Low
TAITA TAVETA,fmr_51,0.0,corn,0.06666666666666667,0.14583333333333334,0.0,0.07272727272727272,Manual,Rain,No,0.5641025641025639,0.27777777777777146,0,1,0,0,1,0,0,1,0,0,0,0,0,0,1,0,0,0,0,0,1,0,Medium
TAITA TAVETA,fmr_235,0.5,corn,0.0,0.0625,0.16666666666666669,0.07272727272727272,Manual,Rain,No,0.3589743589743577,0.36111111111110006,0,1,0,0,0,0,1,0,0,0,0,0,0,0,1,0,0,0,0,0,1,0,Medium
TAITA TAVETA,fmr_52,0.0,corn,0.06666666666666667,0.05833333333333334,0.0,0.04545454545454544,Manual,Rain,No,0.48717948717948545,0.36111111111110006,0,1,0,0,1,0,0,1,0,0,0,0,0,0,1,0,0,0,0,0,1,0,Medium
TAITA TAVETA,fmr_54,0.0,corn,0.06666666666666667,0.0,0.3333333333333333,0.0,Manual,Rain,No,0.7435897435897427,0.22222222222221433,0,1,0,0,1,0,0,1,0,0,0,0,0,0,1,0,1,0,0,1,1,0,Low
TAITA TAVETA,fmr_55,0.0,corn,0.06666666666666667,0.0625,0.0,0.0,Manual,Rain,No,0.6410256410256405,0.13888888888888573,0,1,0,0,1,0,0,1,0,0,0,0,0,0,1,0,0,0,0,1,0,1,Medium
TAITA TAVETA,fmr_146,0.625,corn,0.06666666666666667,0.0,0.16666666666666669,0.8909090909090909,Manual,Rain,No,1.0,0.08333333333331439,1,0,0,0,1,0,0,0,0,0,0,0,0,0,1,0,0,0,1,0,1,0,Low
TAITA TAVETA,fmr_403,0.625,corn,0.06666666666666667,0.010416666666666671,0.4166666666666667,0.8909090909090909,Manual,Rain,No,0.6666666666666661,0.44444444444444287,1,0,0,0,1,0,0,0,0,0,0,1,0,0,0,1,0,0,0,0,1,0,Low
TAITA TAVETA,fmr_168,0.625,corn,0.06666666666666667,0.010416666666666671,0.0,0.7272727272727273,Manual,Rain,No,0.9743589743589745,0.13888888888888573,1,0,0,0,1,0,0,0,0,0,0,0,0,0,1,0,0,0,1,0,1,0,Low
TAITA TAVETA,fmr_404,0.625,corn,0.06666666666666667,0.020833333333333336,0.16666666666666669,0.7272727272727273,Manual,Rain,No,0.7179487179487172,0.4166666666666714,1,0,0,0,1,0,0,0,0,0,0,1,0,0,0,0,0,0,0,0,1,0,Low
TAITA TAVETA,fmr_179,0.625,corn,0.06666666666666667,0.0,0.0,0.5636363636363636,Manual,Rain,No,0.3333333333333339,0.3333333333333286,1,0,0,0,0,0,0,0,0,0,0,0,1,0,0,0,0,0,0,0,1,0,Low
TAITA TAVETA,fmr_190,0.625,corn,0.2,0.010416666666666671,0.0,0.5636363636363636,Manual,Rain,No,0.3589743589743577,0.27777777777777146,1,0,0,0,0,0,0,0,0,0,0,0,0,0,1,0,0,0,1,0,1,0,Low
TAITA TAVETA,fmr_405,0.625,corn,0.2,0.0,0.0,0.5636363636363636,Manual,Rain,No,0.6410256410256405,0.30555555555555713,0,0,1,0,0,0,0,0,0,0,0,0,0,0,1,0,0,0,1,0,1,0,Low
TAITA TAVETA,fmr_406,0.625,corn,0.2,0.020833333333333336,0.0,0.5636363636363636,Manual,Rain,No,0.7692307692307683,0.3333333333333286,0,0,1,0,0,0,0,0,0,0,0,1,0,0,0,0,0,0,0,0,1,0,Low
TAITA TAVETA,fmr_262,0.125,corn,0.2,0.0625,0.16666666666666669,0.23636363636363636,Manual,Rain,No,0.6410256410256405,0.1666666666666572,0,0,1,0,0,0,1,0,0,1,0,0,0,0,1,0,0,0,1,0,1,0,Medium
TAITA TAVETA,fmr_299,0.125,corn,0.2,0.0,0.3333333333333333,0.1818181818181818,Manual,Rain,No,0.7179487179487172,0.1666666666666572,0,0,1,0,0,0,1,0,0,1,0,1,0,1,0,0,0,0,1,0,0,1,Low
TAITA TAVETA,fmr_311,0.125,corn,0.06666666666666667,0.010416666666666671,0.0,0.09090909090909091,Manual,Rain,No,0.7179487179487172,0.1666666666666572,0,0,1,0,0,0,1,0,0,1,0,0,0,1,0,0,0,0,1,0,1,0,Low
TAITA TAVETA,fmr_324,0.125,corn,0.06666666666666667,0.0625,0.3333333333333333,0.07272727272727272,Manual,Rain,No,0.8205128205128194,0.11111111111111427,0,0,1,0,0,0,1,0,0,1,0,0,0,1,0,0,0,0,0,1,0,1,Medium
TAITA TAVETA,fmr_395,0.5,corn,0.0,0.010416666666666671,0.3333333333333333,0.07272727272727272,Manual,Rain,No,0.48717948717948545,0.27777777777777146,0,0,1,0,0,0,0,0,1,0,0,0,1,0,0,0,0,0,0,0,0,0,Low
TAITA TAVETA,fmr_396,0.5,corn,0.0,0.010416666666666671,0.16666666666666669,0.0,Manual,Rain,No,0.43589743589743435,0.6111111111110858,0,0,1,0,0,0,0,0,1,0,0,0,0,1,0,0,0,0,0,0,1,0,Low
TAITA TAVETA,fmr_90,0.875,corn,0.2,0.0625,0.16666666666666669,0.9999999999999999,Manual,Rain,No,0.3589743589743577,0.3333333333333286,0,0,1,0,0,0,0,0,0,0,0,0,0,1,0,0,0,0,1,0,1,0,Medium
TAITA TAVETA,fmr_131,0.125,corn,0.06666666666666667,0.041666666666666664,0.16666666666666669,0.9272727272727271,Manual,Rain,No,0.3589743589743577,0.6111111111110858,0,0,1,0,0,0,0,0,0,0,1,0,0,0,0,0,0,0,0,1,1,0,Low
TAITA TAVETA,fmr_375,0.5,corn,0.4,0.0625,0.0,0.9090909090909091,Manual,Rain,No,0.2820512820512828,0.6111111111110858,0,0,1,0,0,0,0,0,0,0,1,0,0,0,0,0,0,0,0,1,0,0,Medium
TAITA TAVETA,fmr_10,0.5,corn,0.06666666666666667,0.041666666666666664,0.0,0.8909090909090909,Manual,Rain,No,0.43589743589743435,0.22222222222221433,0,0,1,0,0,0,0,0,0,0,0,0,0,0,0,0,0,0,1,0,1,0,Low
TAITA TAVETA,fmr_56,0.375,corn,0.4,0.0625,0.16666666666666669,0.8909090909090909,Manual,Rain,No,0.5641025641025639,0.3333333333333286,0,0,1,0,0,0,0,0,0,0,0,0,0,0,0,0,0,0,0,0,1,0,Medium
TAITA TAVETA,fmr_127,0.0,corn,0.4,0.16666666666666669,0.0,0.8909090909090909,Manual,Rain,No,0.3589743589743577,0.2499999999999858,0,0,1,0,1,0,0,0,0,0,0,0,0,0,1,0,0,0,1,0,0,1,High
TAITA TAVETA,fmr_181,0.5,corn,0.06666666666666667,0.0,0.16666666666666669,0.8909090909090909,Manual,Rain,No,0.7692307692307683,0.3333333333333286,0,0,1,0,1,0,0,0,0,0,0,0,0,0,1,0,0,0,0,0,1,0,Low
TAITA TAVETA,fmr_213,0.375,corn,0.06666666666666667,0.010416666666666671,0.16666666666666669,0.8909090909090909,Manual,Rain,No,0.3589743589743577,0.6111111111110858,0,0,1,0,0,0,0,0,0,0,0,0,0,0,0,0,0,0,1,1,1,0,Low
TAITA TAVETA,fmr_263,0.375,corn,0.2,0.0625,0.16666666666666669,0.8909090909090909,Manual,Rain,No,0.23076923076922995,0.6111111111110858,0,0,1,0,0,0,0,0,0,1,0,1,0,0,1,0,0,0,1,0,0,1,Medium
TAITA TAVETA,fmr_322,0.625,corn,0.0,0.10416666666666669,0.0,0.8909090909090909,Manual,Rain,No,0.2051282051282044,0.6111111111110858,0,0,1,0,0,0,0,0,0,1,0,0,0,0,1,0,0,0,1,0,1,0,Medium
TAITA TAVETA,fmr_390,0.625,corn,0.06666666666666667,0.16666666666666669,0.16666666666666669,0.8909090909090909,Manual,Rain,No,0.3589743589743577,0.30555555555555713,0,0,1,0,1,0,0,0,0,0,0,0,0,1,0,0,0,0,0,0,1,0,High
TAITA TAVETA,fmr_277,0.5,corn,0.06666666666666667,0.16666666666666669,0.16666666666666669,0.8181818181818181,Manual,Rain,No,0.6410256410256405,0.3888888888888715,0,0,1,0,0,0,0,0,0,1,0,0,0,0,0,0,0,0,0,1,1,0,High
TAITA TAVETA,fmr_11,0.5,corn,0.33333333333333337,0.0625,0.0,0.7272727272727273,Manual,Rain,No,0.5128205128205128,0.22222222222221433,0,0,1,0,0,0,0,0,0,0,0,1,0,0,0,0,0,0,1,0,0,1,Medium
TAITA TAVETA,fmr_58,0.375,corn,0.4,0.0625,0.16666666666666669,0.7272727272727273,Manual,Rain,No,0.5641025641025639,0.30555555555555713,0,0,1,0,0,0,0,0,0,0,0,0,0,0,1,0,0,0,0,0,1,0,Medium
TAITA TAVETA,fmr_132,0.125,corn,0.06666666666666667,0.0,0.16666666666666669,0.7272727272727273,Manual,Rain,No,0.3076923076923066,0.6111111111110858,0,0,1,0,0,0,0,0,0,0,0,0,0,0,1,0,0,0,1,0,1,0,Low
TAITA TAVETA,fmr_140,0.0,corn,0.4,0.16666666666666669,0.3333333333333333,0.7272727272727273,Manual,Rain,No,0.38461538461538325,0.6111111111110858,0,0,1,0,1,0,0,0,0,0,0,0,0,1,0,0,0,0,0,1,0,0,High
TAITA TAVETA,fmr_182,0.5,corn,0.33333333333333337,0.010416666666666671,0.3333333333333333,0.7272727272727273,Manual,Rain,No,0.3333333333333339,0.6111111111110858,0,0,1,0,1,0,0,0,0,0,0,0,0,0,1,0,0,0,1,0,1,0,Low
TAITA TAVETA,fmr_226,0.375,corn,0.2,0.020833333333333336,0.16666666666666669,0.7272727272727273,Manual,Rain,No,0.3333333333333339,0.6111111111110858,0,0,1,0,0,0,0,0,0,0,0,0,0,0,1,0,0,0,0,1,1,0,Low
TAITA TAVETA,fmr_275,0.375,corn,0.4,0.0625,0.0,0.7272727272727273,Manual,Rain,No,0.5897435897435894,0.27777777777777146,0,0,1,0,0,0,0,0,0,1,0,0,0,0,0,0,0,0,1,1,1,0,Medium
TAITA TAVETA,fmr_278,0.5,corn,0.4,0.16666666666666669,0.4166666666666667,0.7272727272727273,Manual,Rain,No,0.3333333333333339,0.6111111111110858,0,0,1,0,0,0,0,0,0,1,0,1,0,0,0,0,0,0,0,1,1,0,High
TAITA TAVETA,fmr_286,0.375,corn,0.06666666666666667,0.0,0.16666666666666669,0.7272727272727273,Manual,Rain,No,0.23076923076922995,0.6111111111110858,0,0,1,0,1,0,0,0,0,1,0,0,0,0,1,0,0,0,0,1,1,0,Low
TAITA TAVETA,fmr_295,0.625,corn,0.0,0.0,0.16666666666666669,0.7272727272727273,Manual,Rain,No,0.6410256410256405,0.3888888888888715,0,0,1,0,1,0,0,0,0,1,0,1,0,1,0,0,0,0,0,1,1,0,Low
TAITA TAVETA,fmr_296,0.625,corn,0.06666666666666667,0.27083333333333337,0.4166666666666667,0.7272727272727273,Manual,Rain,No,0.6410256410256405,0.3888888888888715,0,0,1,0,1,0,0,0,0,1,0,0,0,0,0,0,0,0,0,1,1,0,High
TAITA TAVETA,fmr_325,0.625,corn,0.2,0.0625,0.0,0.7272727272727273,Manual,Rain,No,0.23076923076922995,0.6111111111110858,0,0,1,0,0,0,0,0,0,1,0,1,0,0,1,0,0,0,0,0,1,0,Medium
TAITA TAVETA,fmr_377,0.5,corn,0.06666666666666667,0.010416666666666671,0.16666666666666669,0.7272727272727273,Manual,Rain,No,0.8717948717948723,0.055555555555542924,0,0,1,0,0,0,0,0,0,0,0,0,0,0,0,0,0,0,0,1,1,0,Low
TAITA TAVETA,fmr_401,0.625,corn,0.2,0.08333333333333334,0.4166666666666667,0.7272727272727273,Manual,Rain,No,1.0,0.1666666666666572,0,0,1,0,1,0,0,0,0,0,0,0,0,0,1,0,0,0,0,0,1,0,Medium
TAITA TAVETA,fmr_288,0.375,corn,0.33333333333333337,0.041666666666666664,0.0,0.7090909090909091,Manual,Rain,No,0.6923076923076916,0.1666666666666572,0,0,1,0,1,0,0,0,0,1,0,1,0,1,0,0,0,1,0,0,1,0,Low
TAITA TAVETA,fmr_133,0.125,corn,0.4,0.041666666666666664,0.3333333333333333,0.6363636363636364,Manual,Rain,No,0.5897435897435894,0.27777777777777146,0,0,1,0,0,0,0,0,0,0,0,0,0,0,0,0,0,0,0,1,1,0,Low
TAITA TAVETA,fmr_378,0.5,corn,0.2,0.0625,0.16666666666666669,0.6363636363636364,Manual,Rain,No,0.8461538461538449,0.0,0,0,1,0,0,0,0,0,0,0,0,0,0,0,1,0,0,0,0,0,1,0,Medium
TAITA TAVETA,fmr_12,0.5,corn,0.2,0.020833333333333336,0.3333333333333333,0.5636363636363636,Manual,Rain,No,0.43589743589743435,0.19444444444444287,0,0,1,0,0,0,0,0,0,0,0,1,0,0,0,0,0,0,1,0,0,1,Low
TAITA TAVETA,fmr_19,0.25,corn,0.06666666666666667,0.16666666666666669,0.0,0.5636363636363636,Manual,Rain,No,0.4102564102564088,0.22222222222221433,0,0,1,0,1,1,0,0,0,0,0,0,0,0,1,0,0,0,0,0,1,0,High
TAITA TAVETA,fmr_59,0.375,corn,0.0,0.041666666666666664,0.0,0.5636363636363636,Manual,Rain,No,0.7948717948717938,0.2499999999999858,0,0,1,0,0,0,0,0,0,0,0,0,0,0,1,0,0,0,0,0,1,0,Low
TAITA TAVETA,fmr_83,0.375,corn,0.06666666666666667,0.2708333333333333,0.0,0.5636363636363636,Manual,Rain,No,0.4615384615384617,0.1666666666666572,0,0,1,0,0,1,0,0,0,0,0,1,0,0,1,0,0,1,0,0,1,0,High
TAITA TAVETA,fmr_125,0.375,corn,0.06666666666666667,0.16666666666666669,0.3333333333333333,0.5636363636363636,Manual,Rain,No,0.6923076923076916,0.19444444444444287,0,0,1,0,0,1,0,0,0,0,0,1,0,0,0,0,0,0,0,0,1,0,High
TAITA TAVETA,fmr_134,0.125,corn,0.2,0.0,0.0,0.5636363636363636,Manual,Rain,No,0.5897435897435894,0.27777777777777146,0,0,1,0,0,0,0,0,0,0,0,0,0,0,1,0,0,0,1,0,1,0,Low
TAITA TAVETA,fmr_136,0.125,corn,0.2,0.0625,0.0,0.5636363636363636,Manual,Rain,No,0.7435897435897427,0.2499999999999858,0,0,1,0,0,0,0,0,0,0,0,0,0,0,0,0,0,0,0,1,1,0,Medium
TAITA TAVETA,fmr_137,0.5,corn,0.13333333333333336,0.16666666666666669,0.0,0.5636363636363636,Manual,Rain,No,0.7692307692307683,0.2499999999999858,0,0,1,0,0,1,0,0,0,0,0,0,0,0,1,0,1,0,0,0,1,0,High
TAITA TAVETA,fmr_152,0.0,corn,0.4,0.0625,0.3333333333333333,0.5636363636363636,Manual,Rain,No,0.3589743589743577,0.2499999999999858,0,0,1,0,1,0,0,0,0,0,0,0,0,1,0,0,0,0,0,1,0,0,Medium
TAITA TAVETA,fmr_183,0.5,corn,0.06666666666666667,0.0,0.0,0.5636363636363636,Manual,Rain,No,0.5897435897435894,0.27777777777777146,0,0,1,0,1,0,0,0,0,0,0,1,0,0,0,0,0,1,0,1,0,0,Low
TAITA TAVETA,fmr_184,0.5,corn,0.33333333333333337,0.010416666666666671,0.0,0.5636363636363636,Manual,Rain,No,0.615384615384615,0.19444444444444287,0,0,1,0,1,0,0,0,0,0,0,0,0,0,1,0,0,0,1,0,1,0,Low
TAITA TAVETA,fmr_220,0.625,corn,0.06666666666666667,0.27083333333333337,0.16666666666666669,0.5636363636363636,Manual,Rain,No,0.6410256410256405,0.27777777777777146,0,0,1,0,0,1,0,0,0,0,0,1,0,0,0,0,0,0,0,1,1,0,High
TAITA TAVETA,fmr_238,0.375,corn,0.06666666666666667,0.0,0.3333333333333333,0.5636363636363636,Manual,Rain,No,0.6666666666666661,0.27777777777777146,0,0,1,0,0,0,0,0,0,0,0,1,0,1,0,0,0,1,0,0,1,0,Low
TAITA TAVETA,fmr_250,0.375,corn,0.06666666666666667,0.020833333333333336,0.0,0.5636363636363636,Manual,Rain,No,0.5128205128205128,0.19444444444444287,0,0,1,0,0,0,0,0,0,0,0,0,0,0,1,0,0,0,0,1,1,0,Low
TAITA TAVETA,fmr_251,0.5,corn,0.2,0.16666666666666669,0.0,0.5636363636363636,Manual,Rain,No,0.6410256410256405,0.3888888888888715,0,0,1,0,0,1,0,0,0,0,0,1,1,0,0,0,0,0,1,0,0,0,High
TAITA TAVETA,fmr_271,0.375,corn,0.0,0.2708333333333333,0.16666666666666669,0.5636363636363636,Manual,Rain,No,0.7692307692307683,0.30555555555555713,0,0,1,0,0,1,0,0,0,1,0,0,0,0,1,0,0,0,1,0,1,0,High
TAITA TAVETA,fmr_280,0.5,corn,0.2,0.0625,0.16666666666666669,0.5636363636363636,Manual,Rain,No,0.4615384615384617,0.19444444444444287,0,0,1,0,0,0,0,0,0,1,0,1,0,0,0,0,0,0,0,1,1,0,Medium
TAITA TAVETA,fmr_287,0.375,corn,0.06666666666666667,0.0625,0.16666666666666669,0.5636363636363636,Manual,Rain,No,0.3333333333333339,0.6111111111110858,0,0,1,0,0,0,0,0,0,1,0,0,0,0,0,0,0,0,1,1,1,0,Medium
TAITA TAVETA,fmr_289,0.375,corn,0.2,0.0,0.0,0.5636363636363636,Manual,Rain,No,0.7179487179487172,0.1666666666666572,0,0,1,0,1,0,0,0,0,1,0,0,0,0,1,0,0,0,0,1,1,0,Low
TAITA TAVETA,fmr_291,0.375,corn,0.2,0.0625,0.0,0.5636363636363636,Manual,Rain,No,0.615384615384615,0.19444444444444287,0,0,1,0,1,0,0,0,0,1,0,1,0,1,0,0,0,1,0,0,1,0,Medium
TAITA TAVETA,fmr_297,0.625,corn,0.2,0.0,0.4166666666666667,0.5636363636363636,Manual,Rain,No,0.3589743589743577,0.6111111111110858,0,0,1,0,1,0,0,0,0,1,0,1,0,1,0,0,0,0,0,1,1,0,Low
TAITA TAVETA,fmr_298,0.625,corn,0.2,0.0625,0.4166666666666667,0.5636363636363636,Manual,Rain,No,0.5897435897435894,0.27777777777777146,0,0,1,0,1,0,0,0,0,1,0,0,0,0,0,0,0,0,0,1,1,0,Medium
TAITA TAVETA,fmr_326,0.625,corn,0.2,0.0625,0.16666666666666669,0.5636363636363636,Manual,Rain,No,0.5897435897435894,0.27777777777777146,0,0,1,0,0,0,0,0,0,1,0,1,0,0,1,0,0,0,0,0,1,0,Medium
TAITA TAVETA,fmr_367,0.5,corn,0.4,0.2708333333333333,0.0,0.5636363636363636,Manual,Rain,No,0.6410256410256405,0.3333333333333286,0,0,1,0,0,1,0,0,0,0,0,1,0,1,0,0,0,0,1,0,0,1,High
TAITA TAVETA,fmr_380,0.5,corn,0.2,0.010416666666666671,0.0,0.5636363636363636,Manual,Rain,No,0.8205128205128194,0.1666666666666572,0,0,1,0,0,0,0,0,0,0,0,0,0,0,0,0,0,0,0,1,1,0,Low
TAITA TAVETA,fmr_381,0.5,corn,0.06666666666666667,0.10416666666666669,0.0,0.5636363636363636,Manual,Rain,No,0.8717948717948723,0.055555555555542924,0,0,1,0,0,0,0,0,0,0,0,0,0,0,1,0,0,0,0,0,1,0,Medium
TAITA TAVETA,fmr_407,0.25,corn,0.33333333333333337,0.2708333333333333,0.0,0.5636363636363636,Manual,Rain,No,0.7435897435897427,0.4166666666666714,0,0,1,0,0,1,0,0,0,0,0,1,0,1,0,0,0,0,1,0,0,1,High
TAITA TAVETA,fmr_412,0.625,corn,0.2,0.0625,0.4166666666666667,0.5636363636363636,Manual,Rain,No,0.38461538461538325,0.36111111111110006,0,0,1,0,1,0,0,0,0,0,0,0,0,0,1,0,0,0,0,0,1,0,Medium
TAITA TAVETA,fmr_28,0.125,corn,0.4,0.0625,0.3333333333333333,0.509090909090909,Manual,Rain,No,0.7179487179487172,0.22222222222221433,0,0,1,0,0,1,0,0,0,0,0,0,0,1,0,0,0,0,1,0,1,0,Medium
TAITA TAVETA,fmr_40,0.5,corn,0.33333333333333337,0.16666666666666669,0.0,0.509090909090909,Manual,Rain,No,0.6410256410256405,0.13888888888888573,0,0,1,0,0,1,0,0,0,0,0,0,0,0,1,0,0,0,1,0,1,0,High
TAITA TAVETA,fmr_156,0.25,corn,0.33333333333333337,0.16666666666666669,0.0,0.509090909090909,Manual,Rain,No,0.43589743589743435,0.6111111111110858,0,0,1,0,0,1,0,0,0,0,0,0,0,0,0,0,0,0,0,0,1,0,High
TAITA TAVETA,fmr_267,0.25,corn,0.4,0.16666666666666669,0.0,0.509090909090909,Manual,Rain,No,0.3589743589743577,0.36111111111110006,0,0,1,0,1,1,0,0,0,1,0,1,0,0,1,0,0,0,0,0,1,0,High
TAITA TAVETA,fmr_387,0.25,corn,0.4,0.16666666666666669,0.0,0.509090909090909,Manual,Rain,No,0.8461538461538449,0.055555555555542924,0,0,1,0,0,1,0,0,0,0,0,0,0,0,1,0,0,0,0,0,1,0,High
TAITA TAVETA,fmr_414,0.25,corn,0.4,0.0625,0.3333333333333333,0.509090909090909,Manual,Rain,No,0.7692307692307683,0.30555555555555713,0,0,1,0,0,1,0,0,0,0,0,1,0,0,0,1,0,0,0,0,1,0,Medium
TAITA TAVETA,fmr_126,0.375,corn,0.2,0.27083333333333337,0.0,0.4545454545454545,Manual,Rain,No,0.7179487179487172,0.19444444444444287,0,0,1,0,0,1,0,0,0,0,0,0,0,0,0,0,0,0,0,0,1,0,High
TAITA TAVETA,fmr_20,0.25,corn,0.06666666666666667,0.0,0.3333333333333333,0.4,Manual,Rain,No,0.7179487179487172,0.1666666666666572,0,0,1,0,1,1,0,0,0,0,0,0,0,0,1,0,0,0,0,0,1,0,Low
TAITA TAVETA,fmr_21,0.25,corn,0.13333333333333336,0.0625,0.16666666666666669,0.4,Manual,Rain,No,0.6666666666666661,0.1666666666666572,0,0,1,0,1,1,0,0,0,0,0,0,0,1,0,0,0,1,0,1,1,0,Medium
TAITA TAVETA,fmr_30,0.125,corn,0.13333333333333336,0.010416666666666671,0.3333333333333333,0.4,Manual,Rain,No,0.6410256410256405,0.1666666666666572,0,0,1,0,0,1,0,0,0,0,0,0,0,0,0,1,0,0,0,0,0,0,Low
TAITA TAVETA,fmr_31,0.125,corn,0.0,0.16666666666666669,0.16666666666666669,0.4,Manual,Rain,No,0.6666666666666661,0.1666666666666572,0,0,1,0,0,1,0,0,0,0,0,0,0,0,1,0,0,0,0,1,1,0,High
TAITA TAVETA,fmr_42,0.5,corn,0.2,0.0625,0.4166666666666667,0.4,Manual,Rain,No,0.5897435897435894,0.1666666666666572,0,0,1,0,0,1,0,0,0,0,0,0,0,1,0,0,0,0,1,0,1,0,Medium
TAITA TAVETA,fmr_84,0.375,corn,0.2,0.0,0.16666666666666669,0.4,Manual,Rain,No,0.23076923076922995,0.6111111111110858,0,0,1,0,0,1,0,0,0,0,0,0,0,0,1,0,0,0,0,0,1,0,Low
TAITA TAVETA,fmr_85,0.375,corn,0.4,0.0625,0.0,0.4,Manual,Rain,No,0.3589743589743577,0.22222222222221433,0,0,1,0,0,1,0,0,0,0,0,0,0,0,1,0,0,0,1,0,1,0,Medium
TAITA TAVETA,fmr_128,0.375,corn,0.013333333333333336,0.0625,0.16666666666666669,0.4,Manual,Rain,No,0.5897435897435894,0.2499999999999858,0,0,1,0,0,1,0,0,0,0,0,0,0,0,1,0,0,0,1,0,1,0,Medium
TAITA TAVETA,fmr_138,0.5,corn,0.06666666666666667,0.0,0.3333333333333333,0.4,Manual,Rain,No,0.7179487179487172,0.27777777777777146,0,0,1,0,0,1,0,0,0,0,0,0,0,1,0,0,0,1,0,0,1,0,Low
TAITA TAVETA,fmr_141,0.5,corn,0.33333333333333337,0.0625,0.0,0.4,Manual,Rain,No,0.7179487179487172,0.2499999999999858,0,0,1,0,0,1,0,0,0,0,0,0,0,0,1,0,0,0,0,1,1,0,Medium
TAITA TAVETA,fmr_158,0.25,corn,0.2,0.010416666666666671,0.0,0.4,Manual,Rain,No,0.6666666666666661,0.13888888888888573,0,0,1,0,0,1,0,0,0,0,0,0,0,0,1,0,0,0,0,0,1,0,Low
TAITA TAVETA,fmr_159,0.25,corn,0.06666666666666667,0.16666666666666669,0.0,0.4,Manual,Rain,No,0.3333333333333339,0.6111111111110858,0,0,1,0,0,1,0,0,0,0,0,0,0,0,0,0,0,0,0,0,1,0,High
TAITA TAVETA,fmr_221,0.625,corn,0.2,0.010416666666666671,0.0,0.4,Manual,Rain,No,0.6923076923076916,0.22222222222221433,0,0,1,0,0,1,0,0,0,0,0,0,0,0,0,0,0,0,0,0,1,0,Low
TAITA TAVETA,fmr_222,0.625,corn,0.13333333333333336,0.0625,0.0,0.4,Manual,Rain,No,0.6410256410256405,0.22222222222221433,0,0,1,0,0,1,0,0,0,0,0,1,0,0,0,0,0,0,1,0,1,0,Medium
TAITA TAVETA,fmr_252,0.5,corn,0.0,0.0,0.0,0.4,Manual,Rain,No,0.6666666666666661,0.2499999999999858,0,0,1,0,0,1,0,0,0,1,0,0,0,0,1,0,0,0,0,1,1,0,Low
TAITA TAVETA,fmr_253,0.5,corn,0.0,0.0625,0.0,0.4,Manual,Rain,No,0.3333333333333339,0.6111111111110858,0,0,1,0,0,1,0,0,0,1,0,0,0,1,0,0,0,1,0,0,1,0,Medium
TAITA TAVETA,fmr_269,0.25,corn,0.2,0.020833333333333336,0.0,0.4,Manual,Rain,No,0.7435897435897427,0.2499999999999858,0,0,1,0,1,1,0,0,0,1,0,1,0,1,0,0,0,1,0,0,1,0,Low
TAITA TAVETA,fmr_272,0.375,corn,0.4,0.0,0.3333333333333333,0.4,Manual,Rain,No,0.6666666666666661,0.19444444444444287,0,0,1,0,0,1,0,0,0,1,0,0,0,0,1,0,0,0,1,0,0,1,Low
TAITA TAVETA,fmr_273,0.375,corn,0.0,0.0625,0.0,0.4,Manual,Rain,No,0.6410256410256405,0.3888888888888715,0,0,1,0,0,1,0,0,0,1,0,0,0,0,1,0,0,0,0,0,1,0,Medium
TAITA TAVETA,fmr_369,0.5,corn,0.2,0.0,0.0,0.4,Manual,Rain,No,0.9230769230769234,0.08333333333331439,0,0,1,0,0,1,0,0,0,0,0,0,0,0,1,0,0,0,1,0,1,0,Low
TAITA TAVETA,fmr_370,0.5,corn,0.0,0.0625,0.16666666666666669,0.4,Manual,Rain,No,0.8717948717948723,0.1666666666666572,0,0,1,0,0,1,0,0,0,0,0,0,0,0,1,0,0,0,0,0,1,0,Medium
TAITA TAVETA,fmr_389,0.25,corn,0.06666666666666667,0.020833333333333336,0.0,0.4,Manual,Rain,No,0.3333333333333339,0.6111111111110858,0,0,1,0,0,1,0,0,0,0,0,1,1,0,0,0,0,0,1,0,0,0,Low
TAITA TAVETA,fmr_408,0.25,corn,0.2,0.010416666666666671,0.0,0.4,Manual,Rain,No,0.7435897435897427,0.11111111111111427,0,0,1,0,0,1,0,0,0,0,0,0,0,0,1,0,0,0,0,0,1,0,Low
TAITA TAVETA,fmr_409,0.25,corn,0.06666666666666667,0.0625,0.0,0.4,Manual,Rain,No,0.6410256410256405,0.27777777777777146,0,0,1,0,0,1,0,0,0,0,0,1,0,0,1,0,0,0,0,1,1,0,Medium
TAITA TAVETA,fmr_415,0.25,corn,0.33333333333333337,0.010416666666666671,0.0,0.4,Manual,Rain,No,0.5641025641025639,0.30555555555555713,0,0,1,0,0,1,0,0,0,0,0,1,0,0,0,0,0,0,0,1,1,0,Low
TAITA TAVETA,fmr_416,0.25,corn,0.06666666666666667,0.16666666666666669,0.0,0.4,Manual,Rain,No,0.5641025641025639,0.30555555555555713,0,0,1,0,0,1,0,0,0,0,0,1,0,1,0,0,0,0,0,1,0,1,High
TAITA TAVETA,fmr_22,0.25,corn,0.06666666666666667,0.020833333333333336,0.16666666666666669,0.36363636363636365,Manual,Rain,No,0.6666666666666661,0.1666666666666572,0,0,1,0,1,1,0,0,0,0,0,0,0,0,1,0,0,0,0,0,1,0,Low
TAITA TAVETA,fmr_86,0.375,corn,0.06666666666666667,0.0625,0.16666666666666669,0.36363636363636365,Manual,Rain,No,0.5641025641025639,0.19444444444444287,0,0,1,0,0,1,0,0,0,0,0,0,0,0,1,0,0,0,0,0,1,0,Medium
TAITA TAVETA,fmr_129,0.375,corn,0.2,0.010416666666666671,0.0,0.36363636363636365,Manual,Rain,No,0.4615384615384617,0.2499999999999858,0,0,1,0,0,1,0,0,0,0,0,0,0,0,0,0,0,0,0,0,1,0,Low
TAITA TAVETA,fmr_142,0.5,corn,0.0,0.041666666666666664,0.0,0.36363636363636365,Manual,Rain,No,0.8205128205128194,0.27777777777777146,0,0,1,0,0,1,0,0,0,0,0,0,0,1,0,0,0,1,0,0,1,0,Low
TAITA TAVETA,fmr_254,0.5,corn,0.06666666666666667,0.020833333333333336,0.0,0.36363636363636365,Manual,Rain,No,0.23076923076922995,0.6111111111110858,0,0,1,0,0,1,0,0,0,1,0,0,0,0,1,0,0,0,0,1,1,0,Low
TAITA TAVETA,fmr_274,0.375,corn,0.2,0.16666666666666669,0.0,0.36363636363636365,Manual,Rain,No,0.7435897435897427,0.22222222222221433,0,0,1,0,0,1,0,0,0,1,0,0,0,0,1,0,0,0,1,0,0,1,High
TAITA TAVETA,fmr_371,0.5,corn,0.2,0.0625,0.16666666666666669,0.36363636363636365,Manual,Rain,No,0.8717948717948723,0.027777777777771462,0,0,1,0,0,1,0,0,0,0,0,0,0,0,1,0,0,0,1,0,1,0,Medium
TAITA TAVETA,fmr_410,0.25,corn,0.06666666666666667,0.0625,0.0,0.34545454545454546,Manual,Rain,No,0.7692307692307683,0.30555555555555713,0,0,1,0,0,1,0,0,0,0,0,0,0,0,1,0,0,0,0,0,1,0,Medium
TAITA TAVETA,fmr_225,0.625,corn,0.2,0.16666666666666669,0.0,0.3090909090909091,Manual,Rain,No,0.5897435897435894,0.2499999999999858,0,0,1,0,0,1,0,0,0,0,0,0,0,0,0,0,0,0,0,0,1,0,High
TAITA TAVETA,fmr_32,0.125,corn,0.06666666666666667,0.010416666666666671,0.4166666666666667,0.2727272727272727,Manual,Rain,No,0.7179487179487172,0.22222222222221433,0,0,1,0,0,1,0,0,0,0,0,0,0,0,0,1,0,0,0,0,0,0,Low
TAITA TAVETA,fmr_43,0.5,corn,0.2,0.125,0.16666666666666669,0.2727272727272727,Manual,Rain,No,0.5897435897435894,0.1666666666666572,0,0,1,0,0,1,0,0,0,0,0,0,0,1,0,0,0,0,1,0,1,0,Medium
TAITA TAVETA,fmr_160,0.25,corn,0.06666666666666667,0.010416666666666671,0.3333333333333333,0.2727272727272727,Manual,Rain,No,0.7179487179487172,0.19444444444444287,0,0,1,0,0,1,0,0,0,0,0,0,0,0,1,0,0,0,0,0,1,0,Low
TAITA TAVETA,fmr_270,0.25,corn,0.2,0.041666666666666664,0.3333333333333333,0.2727272727272727,Manual,Rain,No,0.6410256410256405,0.3888888888888715,0,0,1,0,1,1,0,0,0,1,0,1,0,1,0,0,0,1,0,0,1,0,Low
TAITA TAVETA,fmr_391,0.25,corn,0.2,0.020833333333333336,0.16666666666666669,0.2727272727272727,Manual,Rain,No,0.43589743589743435,0.6111111111110858,0,0,1,0,0,1,0,0,0,0,0,1,1,0,0,0,0,0,1,0,0,0,Low
TAITA TAVETA,fmr_417,0.25,corn,0.2,0.0,0.16666666666666669,0.2727272727272727,Manual,Rain,No,0.7692307692307683,0.30555555555555713,0,0,1,0,0,1,0,0,0,0,0,1,0,0,0,0,0,0,0,1,1,0,Low
TAITA TAVETA,fmr_3,0.25,corn,0.06666666666666667,0.0625,0.0,0.23636363636363636,Manual,Rain,No,0.7692307692307683,0.30555555555555713,0,0,1,0,0,0,1,0,0,0,0,0,0,1,0,0,0,0,0,1,0,0,Medium
TAITA TAVETA,fmr_5,0.25,corn,0.06666666666666667,0.27083333333333337,0.0,0.23636363636363636,Manual,Rain,No,0.5641025641025639,0.22222222222221433,0,0,1,0,0,0,1,0,0,0,0,0,0,0,1,0,0,0,0,0,1,0,High
TAITA TAVETA,fmr_14,0.375,corn,0.06666666666666667,0.0625,0.16666666666666669,0.23636363636363636,Manual,Rain,No,0.6666666666666661,0.1666666666666572,0,0,1,0,0,0,1,0,0,0,0,1,0,0,0,0,0,0,0,1,1,0,Medium
TAITA TAVETA,fmr_15,0.375,corn,0.06666666666666667,0.27083333333333337,0.4166666666666667,0.23636363636363636,Manual,Rain,No,0.5641025641025639,0.2499999999999858,0,0,1,0,0,0,1,0,0,0,0,1,0,0,0,0,0,0,1,0,0,1,High
TAITA TAVETA,fmr_23,0.25,corn,0.06666666666666667,0.0,0.16666666666666669,0.23636363636363636,Manual,Rain,No,0.6923076923076916,0.1666666666666572,0,0,1,0,1,1,0,0,0,0,0,0,0,1,0,0,0,1,0,1,1,0,Low
TAITA TAVETA,fmr_33,0.125,corn,0.06666666666666667,0.010416666666666671,0.4166666666666667,0.23636363636363636,Manual,Rain,No,0.6923076923076916,0.13888888888888573,0,0,1,0,0,1,0,0,0,0,0,0,0,0,1,0,0,0,0,1,1,0,Low
TAITA TAVETA,fmr_44,0.0,corn,0.0,0.0625,0.16666666666666669,0.23636363636363636,Manual,Rain,No,0.48717948717948545,0.3333333333333286,0,0,1,0,1,0,1,0,0,0,0,0,0,0,0,0,0,0,1,0,1,0,Medium
TAITA TAVETA,fmr_45,0.0,corn,0.06666666666666667,0.27083333333333337,0.0,0.23636363636363636,Manual,Rain,No,0.6923076923076916,0.1666666666666572,0,0,1,0,1,0,1,0,0,0,0,1,0,1,0,0,0,0,1,0,0,0,High
TAITA TAVETA,fmr_60,0.5,corn,0.06666666666666667,0.041666666666666664,0.3333333333333333,0.23636363636363636,Manual,Rain,No,0.3589743589743577,0.6111111111110858,0,0,1,0,1,0,1,0,0,0,0,1,0,1,0,0,0,0,0,0,1,0,Low
TAITA TAVETA,fmr_61,0.5,corn,0.06666666666666667,0.2708333333333333,0.0,0.23636363636363636,Manual,Rain,No,0.3333333333333339,0.6111111111110858,0,0,1,0,1,0,1,0,0,0,0,0,0,0,0,0,0,0,0,1,1,0,High
TAITA TAVETA,fmr_64,0.625,corn,0.2,0.010416666666666671,0.0,0.23636363636363636,Manual,Rain,No,0.48717948717948545,0.27777777777777146,0,0,1,0,0,0,1,0,0,0,0,1,0,0,0,0,0,0,0,1,1,0,Low
TAITA TAVETA,fmr_87,0.375,corn,0.0,0.0,0.16666666666666669,0.23636363636363636,Manual,Rain,No,0.4102564102564088,0.19444444444444287,0,0,1,0,0,1,0,0,0,0,0,0,0,0,1,0,0,0,1,0,1,0,Low
TAITA TAVETA,fmr_95,0.625,corn,0.2,0.0625,0.16666666666666669,0.23636363636363636,Manual,Rain,No,0.7692307692307683,0.30555555555555713,0,0,1,0,0,0,1,0,0,0,0,0,0,0,1,0,0,0,0,0,1,0,Medium
TAITA TAVETA,fmr_96,0.625,corn,0.06666666666666667,0.27083333333333337,0.16666666666666669,0.23636363636363636,Manual,Rain,No,0.6666666666666661,0.3333333333333286,0,0,1,0,0,0,1,0,0,0,0,0,0,0,1,0,0,1,0,0,1,0,High
TAITA TAVETA,fmr_130,0.375,corn,0.2,0.0,0.16666666666666669,0.23636363636363636,Manual,Rain,No,0.5897435897435894,0.27777777777777146,0,0,1,0,0,1,0,0,0,0,0,0,0,0,1,0,0,0,1,0,1,0,Low
TAITA TAVETA,fmr_143,0.5,corn,0.2,0.0,0.0,0.23636363636363636,Manual,Rain,No,0.23076923076922995,0.6111111111110858,0,0,1,0,0,1,0,0,0,0,0,0,0,0,1,0,0,0,0,1,1,0,Low
TAITA TAVETA,fmr_149,0.375,corn,0.06666666666666667,0.041666666666666664,0.0,0.23636363636363636,Manual,Rain,No,0.5897435897435894,0.27777777777777146,0,0,1,0,0,0,1,0,0,0,0,0,0,0,1,0,0,0,0,0,1,0,Low
TAITA TAVETA,fmr_150,0.375,corn,0.06666666666666667,0.2708333333333333,0.4166666666666667,0.23636363636363636,Manual,Rain,No,0.7692307692307683,0.19444444444444287,0,0,1,0,0,0,1,0,0,0,0,1,0,0,1,0,0,0,0,1,1,0,High
TAITA TAVETA,fmr_161,0.25,corn,0.2,0.010416666666666671,0.0,0.23636363636363636,Manual,Rain,No,0.48717948717948545,0.19444444444444287,0,0,1,0,0,1,0,0,0,0,0,0,0,0,0,0,0,0,0,0,1,0,Low
TAITA TAVETA,fmr_173,0.375,corn,0.2,0.0625,0.16666666666666669,0.23636363636363636,Manual,Rain,No,0.43589743589743435,0.22222222222221433,0,0,1,0,0,0,1,0,0,0,0,0,0,1,0,0,0,0,0,0,1,0,Medium
TAITA TAVETA,fmr_174,0.375,corn,0.06666666666666667,0.27083333333333337,0.4166666666666667,0.23636363636363636,Manual,Rain,No,0.7692307692307683,0.3333333333333286,0,0,1,0,0,0,1,0,0,0,0,0,0,1,0,0,0,0,0,0,1,0,High
TAITA TAVETA,fmr_195,0.5,corn,0.06666666666666667,0.14583333333333334,0.0,0.23636363636363636,Manual,Rain,No,0.38461538461538325,0.6111111111110858,0,0,1,0,0,0,1,0,0,0,0,0,0,0,1,0,0,0,0,0,1,0,Medium
TAITA TAVETA,fmr_227,0.625,corn,0.06666666666666667,0.0,0.0,0.23636363636363636,Manual,Rain,No,0.23076923076922995,0.6111111111110858,0,0,1,0,0,1,0,0,0,0,0,1,0,0,0,0,0,0,1,0,1,0,Low
TAITA TAVETA,fmr_247,0.375,corn,0.06666666666666667,0.041666666666666664,0.16666666666666669,0.23636363636363636,Manual,Rain,No,0.2564102564102555,0.6111111111110858,0,0,1,0,0,0,1,0,0,0,0,0,0,0,1,0,0,0,0,1,0,1,Low
TAITA TAVETA,fmr_248,0.375,corn,0.33333333333333337,0.2708333333333333,0.0,0.23636363636363636,Manual,Rain,No,0.43589743589743435,0.6111111111110858,0,0,1,0,0,0,1,0,0,0,0,0,0,0,0,0,0,0,0,1,0,0,High
TAITA TAVETA,fmr_255,0.5,corn,0.2,0.0,0.16666666666666669,0.23636363636363636,Manual,Rain,No,0.7948717948717938,0.3333333333333286,0,0,1,0,0,1,0,0,0,1,0,0,0,1,0,0,0,1,0,0,1,0,Low
TAITA TAVETA,fmr_256,0.625,corn,0.06666666666666667,0.010416666666666671,0.3333333333333333,0.23636363636363636,Manual,Rain,No,0.6410256410256405,0.1666666666666572,0,0,1,0,0,0,1,0,0,1,0,0,0,0,0,1,0,0,0,0,0,0,Low
TAITA TAVETA,fmr_261,0.25,corn,0.06666666666666667,0.020833333333333336,0.0,0.23636363636363636,Manual,Rain,No,0.4615384615384617,0.36111111111110006,0,0,1,0,1,0,1,0,0,1,0,0,0,1,0,0,0,0,1,0,1,0,Low
TAITA TAVETA,fmr_264,0.25,corn,0.0,0.16666666666666669,0.16666666666666669,0.23636363636363636,Manual,Rain,No,0.23076923076922995,0.6111111111110858,0,0,1,0,1,0,1,0,0,1,0,0,0,0,1,0,1,0,0,1,1,0,High
TAITA TAVETA,fmr_276,0.375,corn,0.06666666666666667,0.0,0.3333333333333333,0.23636363636363636,Manual,Rain,No,0.43589743589743435,0.6111111111110858,0,0,1,0,0,1,0,0,0,1,0,0,0,0,1,0,0,0,0,0,1,0,Low
TAITA TAVETA,fmr_310,0.125,corn,0.06666666666666667,0.0625,0.4166666666666667,0.23636363636363636,Manual,Rain,No,0.3076923076923066,0.6111111111110858,0,0,1,0,0,0,1,0,0,1,0,1,0,0,0,0,0,0,0,1,1,0,Medium
TAITA TAVETA,fmr_312,0.125,corn,0.0,0.0625,0.0,0.23636363636363636,Manual,Rain,No,0.897435897435896,0.22222222222221433,0,0,1,0,0,0,1,0,0,0,0,1,0,0,0,0,0,0,0,1,1,0,Medium
TAITA TAVETA,fmr_323,0.125,corn,0.2,0.27083333333333337,0.0,0.23636363636363636,Manual,Rain,No,0.8717948717948723,0.2499999999999858,0,0,1,0,0,0,1,0,0,0,0,0,0,1,0,0,0,0,1,0,1,0,High
TAITA TAVETA,fmr_372,0.5,corn,0.2,0.0,0.0,0.23636363636363636,Manual,Rain,No,0.7179487179487172,0.36111111111110006,0,0,1,0,0,1,0,0,0,0,0,0,0,0,1,0,0,0,0,0,1,0,Low
TAITA TAVETA,fmr_411,0.25,corn,0.0,0.0,0.0,0.23636363636363636,Manual,Rain,No,0.7692307692307683,0.30555555555555713,0,0,1,0,0,1,0,0,0,0,0,1,0,0,1,0,0,0,0,1,1,0,Low
TAITA TAVETA,fmr_418,0.25,corn,0.0,0.006249999999999999,0.0,0.23636363636363636,Manual,Rain,No,0.4615384615384617,0.22222222222221433,0,0,1,0,0,1,0,0,0,0,0,1,0,1,0,0,0,0,0,1,0,1,Low
TAITA TAVETA,fmr_419,0.125,corn,0.0,0.0625,0.16666666666666669,0.23636363636363636,Manual,Rain,No,0.5641025641025639,0.30555555555555713,0,0,1,0,0,0,1,0,0,0,0,0,0,1,0,0,0,1,0,0,1,0,Medium
TAITA TAVETA,fmr_313,0.125,corn,0.2,0.010416666666666671,0.16666666666666669,0.19999999999999998,Manual,Rain,No,0.48717948717948545,0.3333333333333286,0,0,1,0,0,0,1,0,0,1,0,0,0,0,0,0,0,0,0,1,0,0,Low
TAITA TAVETA,fmr_420,0.125,corn,0.06666666666666667,0.0,0.16666666666666669,0.19999999999999998,Manual,Rain,No,0.615384615384615,0.27777777777777146,0,0,1,0,0,0,1,0,0,0,0,1,0,0,1,0,0,0,0,1,0,0,Low
TAITA TAVETA,fmr_62,0.5,corn,0.06666666666666667,0.0625,0.16666666666666669,0.1818181818181818,Manual,Rain,No,0.38461538461538325,0.6111111111110858,0,0,1,0,1,0,1,0,0,0,0,0,0,0,1,0,0,0,1,0,1,0,Medium
TAITA TAVETA,fmr_66,0.625,corn,0.06666666666666667,0.11458333333333334,0.0,0.1818181818181818,Manual,Rain,No,0.1538461538461533,0.13888888888888573,0,0,1,0,0,0,1,0,0,0,0,1,0,0,0,0,0,0,0,1,1,0,Medium
TAITA TAVETA,fmr_151,0.375,corn,0.06666666666666667,0.0625,0.0,0.1818181818181818,Manual,Rain,No,0.3589743589743577,0.6111111111110858,0,0,1,0,0,0,1,0,0,0,0,1,0,1,0,0,0,0,0,1,1,0,Medium
TAITA TAVETA,fmr_196,0.5,corn,0.13333333333333336,0.0,0.0,0.1818181818181818,Manual,Rain,No,0.7435897435897427,0.30555555555555713,0,0,1,0,0,0,1,0,0,0,0,0,0,0,0,1,0,0,0,0,0,0,Low
TAITA TAVETA,fmr_258,0.625,corn,0.06666666666666667,0.16666666666666669,0.0,0.1818181818181818,Manual,Rain,No,0.23076923076922995,0.6111111111110858,0,0,1,0,0,0,1,0,0,1,0,0,0,0,0,1,0,0,0,0,0,0,High
TAITA TAVETA,fmr_265,0.25,corn,0.0,0.041666666666666664,0.3333333333333333,0.1818181818181818,Manual,Rain,No,0.6923076923076916,0.19444444444444287,0,0,1,0,1,0,1,0,0,1,0,0,0,0,1,0,0,0,1,0,1,0,Low
TAITA TAVETA,fmr_266,0.25,corn,0.06666666666666667,0.2708333333333333,0.0,0.1818181818181818,Manual,Rain,No,0.6923076923076916,0.1666666666666572,0,0,1,0,1,0,1,0,0,1,0,0,0,1,0,0,0,0,1,0,1,0,High
TAITA TAVETA,fmr_63,0.5,corn,0.0,0.27083333333333337,0.0,0.15454545454545454,Manual,Rain,No,0.7692307692307683,0.19444444444444287,0,0,1,0,1,0,1,0,0,0,0,1,0,1,0,0,0,0,0,0,1,0,High
TAITA TAVETA,fmr_153,0.375,corn,0.0,0.041666666666666664,0.16666666666666669,0.15454545454545454,Manual,Rain,No,0.7179487179487172,0.1666666666666572,0,0,1,0,0,0,1,0,0,0,0,0,0,0,1,0,0,0,0,0,1,0,Low
TAITA TAVETA,fmr_249,0.375,corn,0.06666666666666667,0.27083333333333337,0.0,0.15454545454545454,Manual,Rain,No,0.7692307692307683,0.2499999999999858,0,0,1,0,0,0,1,0,0,0,0,0,0,0,1,0,0,0,0,1,0,1,High
TAITA TAVETA,fmr_47,0.0,corn,0.06666666666666667,0.16666666666666669,0.4166666666666667,0.13818181818181818,Manual,Rain,No,0.5897435897435894,0.27777777777777146,0,0,1,0,1,0,1,0,0,0,0,0,0,0,0,0,0,0,1,0,1,0,High
TAITA TAVETA,fmr_6,0.25,corn,0.06666666666666667,0.041666666666666664,0.3333333333333333,0.11818181818181817,Manual,Rain,No,0.5641025641025639,0.22222222222221433,0,0,1,0,0,0,1,0,0,0,0,0,0,1,0,0,0,0,0,1,0,0,Low
TAITA TAVETA,fmr_18,0.375,corn,0.06666666666666667,0.0625,0.4166666666666667,0.1090909090909091,Manual,Rain,No,0.5641025641025639,0.22222222222221433,0,0,1,0,0,0,1,0,0,0,0,1,0,0,0,0,0,0,0,1,1,0,Medium
TAITA TAVETA,fmr_175,0.375,corn,0.33333333333333337,0.0625,0.16666666666666669,0.1090909090909091,Manual,Rain,No,0.6666666666666661,0.36111111111110006,0,0,1,0,0,0,1,0,0,0,0,0,0,1,0,0,0,0,0,0,1,0,Medium
TAITA TAVETA,fmr_2,0.625,corn,0.06666666666666667,0.041666666666666664,0.4166666666666667,0.09090909090909091,Manual,Rain,No,0.3589743589743577,0.3333333333333286,0,0,1,0,1,0,0,1,0,0,0,0,0,0,1,0,0,0,1,0,1,0,Low
TAITA TAVETA,fmr_13,0.625,corn,0.0,0.2708333333333333,0.3333333333333333,0.09090909090909091,Manual,Rain,No,0.3333333333333339,0.30555555555555713,0,0,1,0,1,0,0,1,0,0,0,0,0,1,0,0,0,0,0,0,1,0,High
TAITA TAVETA,fmr_17,0.25,corn,0.0,0.16666666666666669,0.0,0.09090909090909091,Manual,Rain,No,0.5641025641025639,0.27777777777777146,0,0,1,0,0,0,0,1,0,0,0,0,0,0,1,0,1,0,0,1,1,0,High
TAITA TAVETA,fmr_73,0.0,corn,0.0,0.020833333333333336,0.16666666666666669,0.09090909090909091,Manual,Rain,No,0.3076923076923066,0.6111111111110858,0,0,1,0,0,0,0,1,0,0,0,1,0,0,1,0,0,0,0,1,1,0,Low
TAITA TAVETA,fmr_76,0.875,corn,0.0,0.0625,0.0,0.09090909090909091,Manual,Rain,No,0.5641025641025639,0.27777777777777146,0,0,1,0,0,0,0,1,0,0,0,0,0,0,1,0,0,0,0,0,1,0,Medium
TAITA TAVETA,fmr_78,0.875,corn,0.06666666666666667,0.27083333333333337,0.0,0.09090909090909091,Manual,Rain,No,0.7948717948717938,0.11111111111111427,0,0,1,0,0,0,0,1,0,0,0,0,0,0,1,0,0,0,1,0,0,1,High
TAITA TAVETA,fmr_88,0.5,corn,0.0,0.11458333333333334,0.16666666666666669,0.09090909090909091,Manual,Rain,No,0.6666666666666661,0.22222222222221433,0,0,1,0,0,0,0,1,0,0,0,0,0,1,0,0,0,1,0,0,1,0,Medium
TAITA TAVETA,fmr_204,0.25,corn,0.0,0.020833333333333336,0.16666666666666669,0.09090909090909091,Manual,Rain,No,0.3589743589743577,0.6111111111110858,0,0,1,0,0,0,0,1,0,0,0,1,0,1,0,0,0,0,1,0,0,0,Low
TAITA TAVETA,fmr_205,0.25,corn,0.2,0.16666666666666669,0.16666666666666669,0.09090909090909091,Manual,Rain,No,0.8205128205128194,0.2499999999999858,0,0,1,0,0,0,0,1,0,0,0,0,0,0,1,0,0,0,0,1,1,0,High
TAITA TAVETA,fmr_241,0.25,corn,0.06666666666666667,0.16666666666666669,0.0,0.09090909090909091,Manual,Rain,No,0.23076923076922995,0.6111111111110858,0,0,1,0,0,0,0,1,0,0,0,0,0,0,1,0,0,0,0,0,1,0,High
TAITA TAVETA,fmr_281,0.25,corn,0.0,0.10416666666666669,0.0,0.09090909090909091,Manual,Rain,No,0.6410256410256405,0.22222222222221433,0,0,1,0,1,0,0,1,0,1,0,0,0,0,1,0,0,0,0,1,1,0,Medium
TAITA TAVETA,fmr_314,0.125,corn,0.13333333333333336,0.0,0.3333333333333333,0.09090909090909091,Manual,Rain,No,0.6923076923076916,0.1666666666666572,0,0,1,0,0,0,1,0,0,1,0,1,0,0,0,0,0,0,0,1,1,0,Low
TAITA TAVETA,fmr_335,0.125,corn,0.06666666666666667,0.0,0.16666666666666669,0.09090909090909091,Manual,Rain,No,0.897435897435896,0.2499999999999858,0,0,1,0,0,0,1,0,0,0,0,1,0,0,0,0,0,0,0,1,1,0,Low
TAITA TAVETA,fmr_355,0.5,corn,0.06666666666666667,0.0625,0.0,0.09090909090909091,Manual,Rain,No,0.4102564102564088,0.6111111111110858,0,0,1,0,0,0,0,1,0,0,1,0,0,1,0,0,0,0,1,0,1,0,Medium
TAITA TAVETA,fmr_356,0.5,corn,0.06666666666666667,0.27083333333333337,0.0,0.09090909090909091,Manual,Rain,No,0.4102564102564088,0.6111111111110858,0,0,1,0,0,0,0,1,0,0,1,1,0,0,0,1,0,0,0,0,1,0,High
TAITA TAVETA,fmr_388,0.125,corn,0.2,0.16666666666666669,0.0,0.09090909090909091,Manual,Rain,No,0.3589743589743577,0.6111111111110858,0,0,1,0,1,0,0,1,0,0,0,0,0,0,1,0,0,0,1,0,1,0,High
TAITA TAVETA,fmr_421,0.125,corn,0.06666666666666667,0.0,0.16666666666666669,0.09090909090909091,Manual,Rain,No,0.615384615384615,0.30555555555555713,0,0,1,0,0,0,1,0,0,0,0,0,0,1,0,0,0,1,0,0,1,0,Low
TAITA TAVETA,fmr_282,0.25,corn,0.06666666666666667,0.0625,0.4166666666666667,0.08181818181818182,Manual,Rain,No,0.2051282051282044,0.6111111111110858,0,0,1,0,1,0,0,1,0,1,0,0,0,0,1,0,0,0,1,0,1,0,Medium
TAITA TAVETA,fmr_7,0.625,corn,0.0,0.010416666666666671,0.16666666666666669,0.07272727272727272,Manual,Rain,No,0.5641025641025639,0.22222222222221433,0,0,1,0,0,0,0,0,1,0,0,1,1,0,0,0,0,0,1,0,0,0,Low
TAITA TAVETA,fmr_8,0.625,corn,0.2,0.041666666666666664,0.3333333333333333,0.07272727272727272,Manual,Rain,No,0.6666666666666661,0.22222222222221433,0,0,1,0,0,0,0,0,1,0,0,1,1,0,0,0,0,0,1,0,0,0,Low
TAITA TAVETA,fmr_24,0.625,corn,0.06666666666666667,0.0,0.16666666666666669,0.07272727272727272,Manual,Rain,No,0.9487179487179471,0.1666666666666572,0,0,1,0,1,0,0,1,0,0,0,0,0,0,1,0,0,0,0,0,1,0,Low
TAITA TAVETA,fmr_29,0.25,corn,0.06666666666666667,0.0,0.0,0.07272727272727272,Manual,Rain,No,0.6666666666666661,0.1666666666666572,0,0,1,0,0,0,0,1,0,0,0,0,0,1,0,0,0,0,0,0,1,0,Low
TAITA TAVETA,fmr_46,0.625,corn,0.0,0.16666666666666669,0.16666666666666669,0.07272727272727272,Manual,Rain,No,0.9487179487179471,0.1666666666666572,0,0,1,0,1,0,0,1,0,0,0,0,0,1,0,0,0,0,0,0,1,0,High
TAITA TAVETA,fmr_74,0.0,corn,0.13333333333333336,0.0625,0.16666666666666669,0.07272727272727272,Manual,Rain,No,0.3333333333333339,0.6111111111110858,0,0,1,0,0,0,0,1,0,0,0,1,0,1,0,0,0,0,1,0,1,0,Medium
TAITA TAVETA,fmr_80,0.875,corn,0.0,0.27083333333333337,0.16666666666666669,0.07272727272727272,Manual,Rain,No,0.5897435897435894,0.27777777777777146,0,0,1,0,0,0,0,1,0,0,0,1,0,0,0,0,0,0,0,1,1,0,High
TAITA TAVETA,fmr_91,0.5,corn,0.0,0.0,0.0,0.07272727272727272,Manual,Rain,No,0.43589743589743435,0.22222222222221433,0,0,1,0,0,0,0,1,0,0,0,0,0,0,1,0,0,0,0,0,1,0,Low
TAITA TAVETA,fmr_115,0.5,corn,0.4,0.03125000000000001,0.16666666666666669,0.07272727272727272,Manual,Rain,No,0.6923076923076916,0.2499999999999858,0,0,1,0,0,0,0,0,1,0,0,1,0,0,1,0,0,0,0,1,1,0,Low
TAITA TAVETA,fmr_162,0.375,corn,0.0,0.020833333333333336,0.3333333333333333,0.07272727272727272,Manual,Rain,No,0.4102564102564088,0.3888888888888715,0,0,1,0,0,0,0,0,1,0,0,0,0,0,1,0,0,0,0,0,0,1,Low
TAITA TAVETA,fmr_192,0.125,corn,0.013333333333333336,0.041666666666666664,0.3333333333333333,0.07272727272727272,Manual,Rain,No,0.5897435897435894,0.1666666666666572,0,0,1,0,1,0,0,0,1,0,0,0,0,0,1,0,0,0,1,0,1,0,Low
TAITA TAVETA,fmr_193,0.75,corn,0.06666666666666667,0.010416666666666671,0.0,0.07272727272727272,Manual,Rain,No,0.6666666666666661,0.36111111111110006,0,0,1,0,0,0,0,0,1,0,0,0,0,0,1,0,0,0,0,0,0,1,Low
TAITA TAVETA,fmr_194,0.75,corn,0.06666666666666667,0.0625,0.16666666666666669,0.07272727272727272,Manual,Rain,No,0.6666666666666661,0.36111111111110006,0,0,1,0,0,0,0,0,1,0,0,0,0,0,1,0,0,0,0,0,0,1,Medium
TAITA TAVETA,fmr_206,0.25,corn,0.06666666666666667,0.0,0.16666666666666669,0.07272727272727272,Manual,Rain,No,0.6410256410256405,0.27777777777777146,0,0,1,0,0,0,0,1,0,0,0,0,0,0,1,0,0,0,1,0,1,0,Low
TAITA TAVETA,fmr_207,0.25,corn,0.06666666666666667,0.10416666666666669,0.16666666666666669,0.07272727272727272,Manual,Rain,No,0.7692307692307683,0.2499999999999858,0,0,1,0,0,0,0,1,0,0,0,0,0,1,0,0,0,0,0,1,0,0,Medium
TAITA TAVETA,fmr_218,0.75,corn,0.06666666666666667,0.010416666666666671,0.16666666666666669,0.07272727272727272,Manual,Rain,No,0.4102564102564088,0.6111111111110858,0,0,1,0,0,0,0,0,1,0,0,1,0,1,0,0,0,1,0,0,1,0,Low
TAITA TAVETA,fmr_242,0.25,corn,0.0,0.0,0.0,0.07272727272727272,Manual,Rain,No,0.3589743589743577,0.6111111111110858,0,0,1,0,0,0,0,1,0,0,0,0,0,0,1,0,0,0,0,1,0,1,Low
TAITA TAVETA,fmr_308,0.125,corn,0.0,0.010416666666666671,0.16666666666666669,0.07272727272727272,Manual,Rain,No,0.7948717948717938,0.11111111111111427,0,0,1,0,0,0,0,0,1,1,0,0,0,0,1,0,0,0,1,0,0,0,Low
TAITA TAVETA,fmr_315,0.125,corn,0.06666666666666667,0.0625,0.0,0.07272727272727272,Manual,Rain,No,0.3333333333333339,0.6111111111110858,0,0,1,0,0,0,1,0,0,1,0,0,0,0,0,0,0,0,0,1,0,0,Medium
TAITA TAVETA,fmr_320,0.5,corn,0.013333333333333336,0.0,0.16666666666666669,0.07272727272727272,Manual,Rain,No,0.3333333333333339,0.3333333333333286,0,0,1,0,1,0,0,0,1,1,0,0,0,1,0,0,0,0,0,0,1,0,Low
TAITA TAVETA,fmr_346,0.375,corn,0.0,0.020833333333333336,0.16666666666666669,0.07272727272727272,Manual,Rain,No,0.9487179487179471,0.08333333333331439,0,0,1,0,0,0,0,0,1,0,0,0,0,1,0,0,0,0,0,1,1,0,Low
TAITA TAVETA,fmr_363,0.375,corn,0.06666666666666667,0.010416666666666671,0.16666666666666669,0.07272727272727272,Manual,Rain,No,0.9487179487179471,0.08333333333331439,0,0,1,0,0,0,0,0,1,0,0,0,0,0,1,0,0,1,0,0,1,0,Low
TAITA TAVETA,fmr_365,0.375,corn,0.06666666666666667,0.041666666666666664,0.16666666666666669,0.07272727272727272,Manual,Rain,No,0.3333333333333339,0.055555555555542924,0,0,1,0,0,0,0,0,1,0,0,0,0,0,1,0,0,1,0,0,1,0,Low
TAITA TAVETA,fmr_400,0.125,corn,0.0,0.0,0.0,0.07272727272727272,Manual,Rain,No,0.6923076923076916,0.4166666666666714,0,0,1,0,1,0,0,1,0,0,0,1,0,0,0,0,0,0,0,1,1,0,Low
TAITA TAVETA,fmr_422,0.125,corn,0.06666666666666667,0.0625,0.3333333333333333,0.07272727272727272,Manual,Rain,No,0.5641025641025639,0.2499999999999858,0,0,1,0,0,0,1,0,0,0,0,0,0,1,0,0,0,0,1,0,1,0,Medium
TAITA TAVETA,fmr_41,0.25,corn,0.0,0.041666666666666664,0.16666666666666669,0.054545454545454536,Manual,Rain,No,0.5897435897435894,0.08333333333331439,0,0,1,0,0,0,0,1,0,0,0,0,0,0,1,0,0,0,0,1,1,0,Low
TAITA TAVETA,fmr_92,0.5,corn,0.06666666666666667,0.03125000000000001,0.0,0.054545454545454536,Manual,Rain,No,0.5897435897435894,0.27777777777777146,0,0,1,0,0,0,0,1,0,0,0,1,0,1,0,0,0,1,0,0,1,0,Low
TAITA TAVETA,fmr_243,0.25,corn,0.2,0.03541666666666667,0.0,0.054545454545454536,Manual,Rain,No,0.0,0.27777777777777146,0,0,1,0,0,0,0,1,0,0,0,0,0,0,1,0,0,0,0,0,1,0,Low
TAITA TAVETA,fmr_283,0.25,corn,0.06666666666666667,0.020833333333333336,0.0,0.054545454545454536,Manual,Rain,No,0.6923076923076916,0.19444444444444287,0,0,1,0,1,0,0,1,0,1,0,1,0,0,0,0,0,0,0,1,1,0,Low
TAITA TAVETA,fmr_358,0.5,corn,0.0,0.010416666666666671,0.16666666666666669,0.054545454545454536,Manual,Rain,No,0.6410256410256405,0.30555555555555713,0,0,1,0,0,0,0,1,0,0,1,0,0,1,0,0,1,0,0,1,0,0,Low
TAITA TAVETA,fmr_413,0.125,corn,0.06666666666666667,0.0625,0.16666666666666669,0.054545454545454536,Manual,Rain,No,0.7692307692307683,0.30555555555555713,0,0,1,0,1,0,0,1,0,0,0,0,0,0,1,0,0,0,1,0,1,0,Medium
TAITA TAVETA,fmr_208,0.25,corn,0.06666666666666667,0.14583333333333334,0.0,0.050909090909090904,Manual,Rain,No,0.23076923076922995,0.6111111111110858,0,0,1,0,0,0,0,1,0,0,0,1,0,1,0,0,1,0,0,1,1,0,Medium
TAITA TAVETA,fmr_57,0.625,corn,0.06666666666666667,0.16666666666666669,0.0,0.04545454545454544,Manual,Rain,No,0.38461538461538325,0.3888888888888715,0,0,1,0,1,0,0,1,0,0,0,1,0,0,0,0,0,0,0,1,1,0,High
TAITA TAVETA,fmr_81,0.875,corn,0.06666666666666667,0.010416666666666671,0.16666666666666669,0.03636363636363635,Manual,Rain,No,0.7179487179487172,0.22222222222221433,0,0,1,0,0,0,0,1,0,0,0,0,0,0,1,0,0,0,0,1,0,0,Low
TAITA TAVETA,fmr_359,0.5,corn,0.33333333333333337,0.0625,0.0,0.03636363636363635,Manual,Rain,No,0.38461538461538325,0.3888888888888715,0,0,1,0,0,0,0,1,0,0,1,0,0,0,0,1,0,0,0,0,0,0,Medium
TAITA TAVETA,fmr_93,0.5,corn,0.2,0.010416666666666671,0.16666666666666669,0.018181818181818174,Manual,Rain,No,0.02564102564102555,0.27777777777777146,0,0,1,0,0,0,0,1,0,0,0,0,0,1,0,0,0,0,0,0,1,0,Low
TAITA TAVETA,fmr_244,0.25,corn,0.06666666666666667,0.16666666666666669,0.16666666666666669,0.018181818181818174,Manual,Rain,No,0.1538461538461533,0.13888888888888573,0,0,1,0,0,0,0,1,0,0,0,0,0,0,1,0,0,0,1,0,1,0,High
TAITA TAVETA,fmr_284,0.25,corn,0.06666666666666667,0.010416666666666671,0.3333333333333333,0.018181818181818174,Manual,Rain,No,0.615384615384615,0.27777777777777146,0,0,1,0,1,0,0,1,0,1,0,0,0,0,1,0,0,0,0,0,1,0,Low
TAITA TAVETA,fmr_4,0.125,corn,0.06666666666666667,0.0,0.0,0.0,Manual,Rain,No,0.615384615384615,0.2499999999999858,0,0,1,0,1,0,0,1,0,0,0,0,0,1,0,0,0,1,0,0,1,0,Low
TAITA TAVETA,fmr_9,0.625,corn,0.06666666666666667,0.020833333333333336,0.0,0.0,Manual,Rain,No,0.6410256410256405,0.22222222222221433,0,0,1,0,0,0,0,0,1,0,0,0,0,0,1,0,0,0,1,0,0,1,Low
TAITA TAVETA,fmr_53,0.25,corn,0.06666666666666667,0.0,0.0,0.0,Manual,Rain,No,0.43589743589743435,0.36111111111110006,0,0,1,0,0,0,0,1,0,0,0,0,0,0,1,0,0,0,0,1,1,0,Low
TAITA TAVETA,fmr_68,0.625,corn,0.06666666666666667,0.0,0.16666666666666669,0.0,Manual,Rain,No,0.4615384615384617,0.36111111111110006,0,0,1,0,1,0,0,1,0,0,0,0,0,0,1,0,0,0,1,0,1,0,Low
TAITA TAVETA,fmr_75,0.0,corn,0.06666666666666667,0.041666666666666664,0.16666666666666669,0.0,Manual,Rain,No,0.6666666666666661,0.36111111111110006,0,0,1,0,0,0,0,1,0,0,0,0,0,0,1,0,0,0,1,0,1,0,Low
TAITA TAVETA,fmr_79,0.625,corn,0.013333333333333336,0.0625,0.4166666666666667,0.0,Manual,Rain,No,0.38461538461538325,0.36111111111110006,0,0,1,0,1,0,0,1,0,0,0,0,0,1,0,0,0,0,0,0,1,0,Medium
TAITA TAVETA,fmr_82,0.875,corn,0.06666666666666667,0.0625,0.0,0.0,Manual,Rain,No,0.7435897435897427,0.19444444444444287,0,0,1,0,0,0,0,1,0,0,0,0,0,0,1,0,0,0,1,0,1,0,Medium
TAITA TAVETA,fmr_94,0.5,corn,0.0,0.11458333333333334,0.0,0.0,Manual,Rain,No,0.5897435897435894,0.2499999999999858,0,0,1,0,0,0,0,1,0,0,0,1,0,1,0,0,0,1,0,0,1,0,Medium
TAITA TAVETA,fmr_209,0.25,corn,0.06666666666666667,0.0,0.0,0.0,Manual,Rain,No,0.5641025641025639,0.3333333333333286,0,0,1,0,0,0,0,1,0,0,0,0,0,0,1,0,0,0,0,0,1,0,Low
TAITA TAVETA,fmr_210,0.25,corn,0.06666666666666667,0.041666666666666664,0.0,0.0,Manual,Rain,No,0.7692307692307683,0.3333333333333286,0,0,1,0,0,0,0,1,0,0,0,0,0,0,1,0,0,0,0,0,1,0,Low
TAITA TAVETA,fmr_219,0.75,corn,0.0,0.008333333333333338,0.16666666666666669,0.0,Manual,Rain,No,0.3333333333333339,0.6111111111110858,0,0,1,0,0,0,0,0,1,0,0,0,0,0,1,0,0,0,1,0,1,0,Low
TAITA TAVETA,fmr_245,0.25,corn,0.06666666666666667,0.14583333333333334,0.4166666666666667,0.0,Manual,Rain,No,0.6923076923076916,0.1666666666666572,0,0,1,0,0,0,0,1,0,0,0,0,1,0,0,0,0,0,0,0,0,0,Medium
TAITA TAVETA,fmr_285,0.25,corn,0.013333333333333336,0.0625,0.16666666666666669,0.0,Manual,Rain,No,0.2051282051282044,0.6111111111110858,0,0,1,0,1,0,0,1,0,1,0,0,0,1,0,0,0,0,0,0,1,0,Medium
TAITA TAVETA,fmr_321,0.5,corn,0.06666666666666667,0.0,0.16666666666666669,0.0,Manual,Rain,No,0.43589743589743435,0.6111111111110858,0,0,1,0,1,0,0,0,1,1,0,0,0,1,0,0,0,0,0,1,1,0,Low
TAITA TAVETA,fmr_360,0.5,corn,0.06666666666666667,0.0625,0.16666666666666669,0.0,Manual,Rain,No,0.7692307692307683,0.27777777777777146,0,0,1,0,0,0,0,1,0,0,1,0,0,0,1,0,0,0,0,0,1,0,Medium
TAITA TAVETA,fmr_366,0.375,corn,0.06666666666666667,0.010416666666666671,0.0,0.0,Manual,Rain,No,0.48717948717948545,0.36111111111110006,0,0,1,0,0,0,0,0,1,0,0,0,0,0,1,0,0,0,0,0,0,1,Low
TAITA TAVETA,fmr_67,0.0,corn,0.4,0.27083333333333337,0.4166666666666667,0.9999999999999999,Manual,Rain,No,0.0512820512820511,0.11111111111111427,0,0,0,1,1,0,1,0,0,0,1,0,0,0,1,0,0,0,0,1,1,0,High
TAITA TAVETA,fmr_116,0.5,corn,0.4,0.2708333333333333,0.0,0.9090909090909091,Manual,Rain,No,0.7948717948717938,0.30555555555555713,0,0,0,1,0,0,0,0,0,0,0,0,0,0,0,0,0,1,0,1,0,1,High
TAITA TAVETA,fmr_223,0.125,corn,0.4,0.2708333333333333,0.0,0.9090909090909091,Manual,Rain,No,0.3333333333333339,0.30555555555555713,0,0,0,1,1,0,0,0,0,0,0,0,0,0,1,0,0,0,0,0,1,0,High
TAITA TAVETA,fmr_170,0.375,corn,0.4,0.08333333333333334,0.0,0.8909090909090909,Manual,Rain,No,0.23076923076922995,0.6111111111110858,0,0,0,1,0,0,0,0,0,0,0,1,0,0,1,0,0,0,0,1,0,0,Medium
TAITA TAVETA,fmr_351,0.875,corn,0.06666666666666667,0.0,0.16666666666666669,0.8909090909090909,Manual,Rain,No,0.7692307692307683,0.22222222222221433,0,0,0,1,1,0,0,0,0,0,1,0,0,0,0,0,0,0,0,0,1,0,Low
TAITA TAVETA,fmr_177,0.375,corn,0.0,0.0,0.0,0.8181818181818181,Manual,Rain,No,0.7179487179487172,0.1666666666666572,0,0,0,1,1,0,0,0,0,0,0,1,0,0,1,0,0,0,1,0,0,1,Low
TAITA TAVETA,fmr_300,0.625,corn,0.2,0.020833333333333336,0.16666666666666669,0.8181818181818181,Manual,Rain,No,0.2051282051282044,0.6111111111110858,0,0,0,1,0,0,0,0,0,1,0,0,0,0,0,0,0,0,0,0,1,0,Low
TAITA TAVETA,fmr_69,0.0,corn,0.06666666666666667,0.0,0.16666666666666669,0.7272727272727273,Manual,Rain,No,0.3589743589743577,0.2499999999999858,0,0,0,1,1,0,0,0,0,0,0,0,0,0,1,0,0,0,1,0,1,0,Low
TAITA TAVETA,fmr_104,0.625,corn,0.13333333333333336,0.27083333333333337,0.16666666666666669,0.7272727272727273,Manual,Rain,No,0.2820512820512828,0.6111111111110858,0,0,0,1,0,0,0,0,0,0,0,0,0,1,0,0,0,0,0,0,1,0,High
TAITA TAVETA,fmr_117,0.5,corn,0.06666666666666667,0.010416666666666671,0.0,0.7272727272727273,Manual,Rain,No,0.6410256410256405,0.27777777777777146,0,0,0,1,0,0,0,0,0,0,0,0,0,0,1,0,0,0,0,0,1,0,Low
TAITA TAVETA,fmr_171,0.375,corn,0.33333333333333337,0.0625,0.16666666666666669,0.7272727272727273,Manual,Rain,No,0.6923076923076916,0.19444444444444287,0,0,0,1,0,0,0,0,0,0,0,1,0,1,0,0,0,0,1,0,1,0,Medium
TAITA TAVETA,fmr_178,0.375,corn,0.4,0.16666666666666669,0.4166666666666667,0.7272727272727273,Manual,Rain,No,0.615384615384615,0.27777777777777146,0,0,0,1,1,0,0,0,0,0,0,0,0,0,1,0,0,0,0,0,1,0,High
TAITA TAVETA,fmr_302,0.625,corn,0.2,0.16666666666666669,0.0,0.7272727272727273,Manual,Rain,No,0.8461538461538449,0.36111111111110006,0,0,0,1,0,0,0,0,0,1,0,0,0,1,0,0,0,1,0,0,1,0,High
TAITA TAVETA,fmr_334,0.125,corn,0.06666666666666667,0.010416666666666671,0.3333333333333333,0.7272727272727273,Manual,Rain,No,0.3589743589743577,0.30555555555555713,0,0,0,1,1,0,0,0,0,0,0,0,0,0,0,0,0,0,1,0,1,0,Low
TAITA TAVETA,fmr_352,0.875,corn,0.33333333333333337,0.010416666666666671,0.16666666666666669,0.7272727272727273,Manual,Rain,No,0.7435897435897427,0.19444444444444287,0,0,0,1,1,0,0,0,0,0,1,0,0,0,0,0,0,0,0,0,1,0,Low
TAITA TAVETA,fmr_70,0.0,corn,0.013333333333333336,0.0,0.16666666666666669,0.6363636363636364,Manual,Rain,No,0.897435897435896,0.3888888888888715,0,0,0,1,1,0,0,0,0,0,0,1,0,0,1,0,0,0,1,0,0,1,Low
TAITA TAVETA,fmr_368,0.125,corn,0.013333333333333336,0.0625,0.0,0.6363636363636364,Manual,Rain,No,0.4615384615384617,0.4166666666666714,0,0,0,1,1,0,0,0,0,0,0,0,0,0,1,0,0,0,1,0,0,1,Medium
TAITA TAVETA,fmr_71,0.0,corn,0.33333333333333337,0.0,0.3333333333333333,0.5636363636363636,Manual,Rain,No,0.7179487179487172,0.19444444444444287,0,0,0,1,1,0,0,0,0,0,0,0,0,0,1,0,0,0,1,0,1,0,Low
TAITA TAVETA,fmr_72,0.0,corn,0.2,0.0625,0.16666666666666669,0.5636363636363636,Manual,Rain,No,0.5641025641025639,0.27777777777777146,0,0,0,1,1,0,0,0,0,0,0,1,0,0,1,0,0,0,1,0,0,1,Medium
TAITA TAVETA,fmr_105,0.625,corn,0.13333333333333336,0.0625,0.3333333333333333,0.5636363636363636,Manual,Rain,No,0.3333333333333339,0.6111111111110858,0,0,0,1,0,0,0,0,0,0,0,0,0,1,0,0,0,0,0,0,1,0,Medium
TAITA TAVETA,fmr_118,0.5,corn,0.2,0.0,0.0,0.5636363636363636,Manual,Rain,No,0.7692307692307683,0.3333333333333286,0,0,0,1,0,0,0,0,0,0,0,0,0,1,0,0,0,1,0,1,1,0,Low
TAITA TAVETA,fmr_119,0.5,corn,0.06666666666666667,0.010416666666666671,0.0,0.5636363636363636,Manual,Rain,No,0.4615384615384617,0.27777777777777146,0,0,0,1,0,0,0,0,0,0,0,0,0,0,1,0,0,0,0,0,1,0,Low
TAITA TAVETA,fmr_172,0.375,corn,0.33333333333333337,0.0625,0.0,0.5636363636363636,Manual,Rain,No,0.6923076923076916,0.1666666666666572,0,0,0,1,0,0,0,0,0,0,0,1,0,1,0,0,0,0,1,0,1,0,Medium
TAITA TAVETA,fmr_180,0.375,corn,0.13333333333333336,0.0625,0.0,0.5636363636363636,Manual,Rain,No,0.7179487179487172,0.3888888888888715,0,0,0,1,1,0,0,0,0,0,0,0,0,0,1,0,0,0,0,0,1,0,Medium
TAITA TAVETA,fmr_197,0.5,corn,0.2,0.11458333333333334,0.0,0.5636363636363636,Manual,Rain,No,0.6666666666666661,0.2499999999999858,0,0,0,1,0,1,0,0,0,0,0,0,0,0,1,0,0,0,1,0,1,0,Medium
TAITA TAVETA,fmr_228,0.625,corn,0.2,0.14583333333333334,0.16666666666666669,0.5636363636363636,Manual,Rain,No,0.7692307692307683,0.27777777777777146,0,0,0,1,0,1,0,0,0,0,0,0,0,0,0,0,0,0,0,0,1,0,Medium
TAITA TAVETA,fmr_303,0.625,corn,0.0,0.0625,0.16666666666666669,0.5636363636363636,Manual,Rain,No,0.7179487179487172,0.27777777777777146,0,0,0,1,0,0,0,0,0,1,0,0,0,1,0,0,0,1,0,0,1,0,Medium
TAITA TAVETA,fmr_353,0.875,corn,0.06666666666666667,0.0,0.16666666666666669,0.5636363636363636,Manual,Rain,No,0.7692307692307683,0.36111111111110006,0,0,0,1,1,0,0,0,0,0,1,0,0,0,0,0,0,0,0,1,1,0,Low
TAITA TAVETA,fmr_354,0.875,corn,0.2,0.010416666666666671,0.0,0.5636363636363636,Manual,Rain,No,0.3589743589743577,0.6111111111110858,0,0,0,1,1,0,0,0,0,0,1,0,0,0,0,0,0,0,0,0,1,0,Low
TAITA TAVETA,fmr_379,0.125,corn,0.2,0.010416666666666671,0.3333333333333333,0.5636363636363636,Manual,Rain,No,0.38461538461538325,0.36111111111110006,0,0,0,1,1,0,0,0,0,0,0,0,0,0,0,0,0,0,1,0,1,0,Low
TAITA TAVETA,fmr_382,0.5,corn,0.0,0.2708333333333333,0.0,0.5636363636363636,Manual,Rain,No,0.8717948717948723,0.11111111111111427,0,0,0,1,0,1,0,0,0,0,0,0,0,1,0,0,0,0,0,0,1,0,High
TAITA TAVETA,fmr_1,0.25,corn,0.4,0.16666666666666669,0.0,0.509090909090909,Manual,Rain,No,0.43589743589743435,0.4166666666666714,0,0,0,1,1,1,0,0,0,0,0,0,0,0,1,0,0,0,0,0,1,0,High
TAITA TAVETA,fmr_113,0.625,corn,0.33333333333333337,0.16666666666666669,0.0,0.509090909090909,Manual,Rain,No,0.3589743589743577,0.30555555555555713,0,0,0,1,0,1,0,0,0,0,0,1,0,1,0,0,0,1,0,0,1,0,High
TAITA TAVETA,fmr_120,0.25,corn,0.33333333333333337,0.2708333333333333,0.0,0.509090909090909,Manual,Rain,No,0.38461538461538325,0.6111111111110858,0,0,0,1,0,1,0,0,0,0,0,0,0,0,0,0,0,0,0,1,1,0,High
TAITA TAVETA,fmr_144,0.25,corn,0.06666666666666667,0.27083333333333337,0.3333333333333333,0.509090909090909,Manual,Rain,No,0.897435897435896,0.3333333333333286,0,0,0,1,0,1,0,0,0,0,0,0,0,0,1,0,0,0,0,0,1,0,High
TAITA TAVETA,fmr_185,0.625,corn,0.33333333333333337,0.020833333333333336,0.0,0.509090909090909,Manual,Rain,No,0.7179487179487172,0.19444444444444287,0,0,0,1,0,1,0,0,0,0,0,0,0,0,1,0,0,0,1,0,1,0,Low
TAITA TAVETA,fmr_341,0.25,corn,0.2,0.16666666666666669,0.0,0.509090909090909,Manual,Rain,No,0.43589743589743435,0.6111111111110858,0,0,0,1,1,1,0,0,0,0,1,0,0,0,0,1,0,0,0,0,0,0,High
TAITA TAVETA,fmr_347,0.375,corn,0.33333333333333337,0.16666666666666669,0.0,0.509090909090909,Manual,Rain,No,0.43589743589743435,0.6111111111110858,0,0,0,1,0,1,0,0,0,0,1,1,0,0,0,0,0,0,0,1,1,0,High
TAITA TAVETA,fmr_392,0.125,corn,0.06666666666666667,0.16666666666666669,0.16666666666666669,0.509090909090909,Manual,Rain,No,0.8461538461538449,0.08333333333331439,0,0,0,1,1,1,0,0,0,0,0,0,0,0,1,0,0,0,0,0,1,0,High
TAITA TAVETA,fmr_198,0.5,corn,0.2,0.0625,0.0,0.4545454545454545,Manual,Rain,No,0.38461538461538325,0.6111111111110858,0,0,0,1,0,1,0,0,0,0,0,0,0,0,0,0,0,0,0,1,1,0,Medium
TAITA TAVETA,fmr_229,0.625,corn,0.13333333333333336,0.10416666666666669,0.16666666666666669,0.4545454545454545,Manual,Rain,No,0.7692307692307683,0.3333333333333286,0,0,0,1,0,1,0,0,0,0,0,1,0,1,0,0,0,1,0,0,1,0,Medium
TAITA TAVETA,fmr_304,0.875,corn,0.33333333333333337,0.020833333333333336,0.0,0.4545454545454545,Manual,Rain,No,0.5897435897435894,0.27777777777777146,0,0,0,1,1,1,0,0,0,1,0,0,0,0,1,0,0,0,0,0,1,0,Low
TAITA TAVETA,fmr_16,0.25,corn,0.06666666666666667,0.020833333333333336,0.16666666666666669,0.4,Manual,Rain,No,0.8205128205128194,0.30555555555555713,0,0,0,1,1,1,0,0,0,0,0,0,1,0,0,0,0,0,0,0,0,0,Low
TAITA TAVETA,fmr_121,0.25,corn,0.06666666666666667,0.0625,0.0,0.4,Manual,Rain,No,0.3589743589743577,0.2499999999999858,0,0,0,1,0,1,0,0,0,0,0,0,0,0,1,0,0,0,1,0,1,0,Medium
TAITA TAVETA,fmr_122,0.25,corn,0.06666666666666667,0.20833333333333334,0.0,0.4,Manual,Rain,No,0.23076923076922995,0.6111111111110858,0,0,0,1,0,1,0,0,0,0,0,0,0,0,0,0,0,0,0,1,1,0,High
TAITA TAVETA,fmr_124,0.625,corn,0.0,0.0625,0.4166666666666667,0.4,Manual,Rain,No,1.0,0.08333333333331439,0,0,0,1,0,1,0,0,0,0,0,0,0,0,1,0,0,0,0,0,0,1,Medium
TAITA TAVETA,fmr_145,0.25,corn,0.13333333333333336,0.0625,0.16666666666666669,0.4,Manual,Rain,No,0.6923076923076916,0.22222222222221433,0,0,0,1,0,1,0,0,0,0,0,0,0,0,0,0,0,0,1,0,1,0,Medium
TAITA TAVETA,fmr_147,0.25,corn,0.06666666666666667,0.2708333333333333,0.4166666666666667,0.4,Manual,Rain,No,0.6410256410256405,0.27777777777777146,0,0,0,1,0,1,0,0,0,0,0,0,0,0,1,0,0,0,0,0,1,0,High
TAITA TAVETA,fmr_186,0.625,corn,0.2,0.010416666666666671,0.3333333333333333,0.4,Manual,Rain,No,0.5384615384615365,0.3333333333333286,0,0,0,1,0,1,0,0,0,0,0,0,0,0,0,0,0,0,0,1,1,0,Low
TAITA TAVETA,fmr_187,0.625,corn,0.06666666666666667,0.10416666666666669,0.0,0.4,Manual,Rain,No,0.3589743589743577,0.6111111111110858,0,0,0,1,0,1,0,0,0,0,0,1,0,0,1,0,0,0,1,0,0,1,Medium
TAITA TAVETA,fmr_199,0.5,corn,0.2,0.0625,0.16666666666666669,0.4,Manual,Rain,No,0.6666666666666661,0.19444444444444287,0,0,0,1,0,1,0,0,0,0,0,0,0,0,0,0,0,0,0,0,1,0,Medium
TAITA TAVETA,fmr_202,0.5,corn,0.06666666666666667,0.27083333333333337,0.16666666666666669,0.4,Manual,Rain,No,0.2564102564102555,0.6111111111110858,0,0,0,1,0,1,0,0,0,0,0,0,0,0,0,0,0,0,0,1,1,0,High
TAITA TAVETA,fmr_230,0.625,corn,0.06666666666666667,0.0625,0.0,0.4,Manual,Rain,No,0.6666666666666661,0.2499999999999858,0,0,0,1,0,1,0,0,0,0,0,0,0,0,1,0,0,0,0,0,1,0,Medium
TAITA TAVETA,fmr_305,0.875,corn,0.06666666666666667,0.0625,0.16666666666666669,0.4,Manual,Rain,No,0.7435897435897427,0.2499999999999858,0,0,0,1,1,1,0,0,0,1,0,0,0,0,0,1,0,0,0,0,0,0,Medium
TAITA TAVETA,fmr_306,0.875,corn,0.06666666666666667,0.27083333333333337,0.4166666666666667,0.4,Manual,Rain,No,0.7948717948717938,0.11111111111111427,0,0,0,1,1,1,0,0,0,1,0,0,0,0,1,0,0,0,0,0,1,0,High
TAITA TAVETA,fmr_342,0.25,corn,0.2,0.020833333333333336,0.0,0.4,Manual,Rain,No,0.3333333333333339,0.6111111111110858,0,0,0,1,1,1,0,0,0,0,1,0,0,0,1,0,0,0,1,0,1,0,Low
TAITA TAVETA,fmr_348,0.375,corn,0.06666666666666667,0.041666666666666664,0.0,0.4,Manual,Rain,No,0.6923076923076916,0.36111111111110006,0,0,0,1,0,1,0,0,0,0,1,1,0,0,0,0,0,0,0,1,1,0,Low
TAITA TAVETA,fmr_383,0.5,corn,0.2,0.002083333333333333,0.16666666666666669,0.4,Manual,Rain,No,0.8717948717948723,0.08333333333331439,0,0,0,1,0,1,0,0,0,0,0,0,0,1,0,0,0,0,0,0,1,0,Low
TAITA TAVETA,fmr_384,0.5,corn,0.2,0.0625,0.0,0.4,Manual,Rain,No,0.7692307692307683,0.36111111111110006,0,0,0,1,0,1,0,0,0,0,0,0,0,0,1,0,1,0,0,1,1,0,Medium
TAITA TAVETA,fmr_393,0.125,corn,0.06666666666666667,0.020833333333333336,0.0,0.4,Manual,Rain,No,0.8461538461538449,0.055555555555542924,0,0,0,1,1,1,0,0,0,0,0,1,1,0,0,0,0,0,1,0,0,0,Low
TAITA TAVETA,fmr_231,0.625,corn,0.2,0.0,0.0,0.36363636363636365,Manual,Rain,No,0.4102564102564088,0.6111111111110858,0,0,0,1,0,1,0,0,0,0,0,1,0,1,0,0,0,1,0,0,1,0,Low
TAITA TAVETA,fmr_385,0.5,corn,0.0,0.2708333333333333,0.16666666666666669,0.36363636363636365,Manual,Rain,No,0.8717948717948723,0.055555555555542924,0,0,0,1,0,1,0,0,0,0,0,0,0,1,0,0,0,0,0,0,1,0,High
TAITA TAVETA,fmr_123,0.25,corn,0.06666666666666667,0.16666666666666669,0.16666666666666669,0.2727272727272727,Manual,Rain,No,0.5897435897435894,0.27777777777777146,0,0,0,1,0,1,0,0,0,0,0,0,0,0,1,0,0,0,1,0,1,0,High
TAITA TAVETA,fmr_135,0.625,corn,0.06666666666666667,0.125,0.0,0.2727272727272727,Manual,Rain,No,0.38461538461538325,0.36111111111110006,0,0,0,1,0,1,0,0,0,0,0,0,0,0,1,0,0,0,0,0,0,1,Medium
TAITA TAVETA,fmr_139,0.25,corn,0.4,0.0625,0.16666666666666669,0.2727272727272727,Manual,Rain,No,0.3589743589743577,0.36111111111110006,0,0,0,1,1,1,0,0,0,0,0,0,1,0,0,0,0,0,0,0,0,0,Medium
TAITA TAVETA,fmr_148,0.25,corn,0.2,0.16666666666666669,0.16666666666666669,0.2727272727272727,Manual,Rain,No,0.7179487179487172,0.2499999999999858,0,0,0,1,0,1,0,0,0,0,0,0,0,0,0,0,0,0,1,0,1,0,High
TAITA TAVETA,fmr_189,0.625,corn,0.2,0.0,0.16666666666666669,0.2727272727272727,Manual,Rain,No,0.43589743589743435,0.6111111111110858,0,0,0,1,0,1,0,0,0,0,0,0,0,0,0,0,0,0,0,1,1,0,Low
TAITA TAVETA,fmr_307,0.875,corn,0.06666666666666667,0.20833333333333334,0.16666666666666669,0.2727272727272727,Manual,Rain,No,0.6410256410256405,0.22222222222221433,0,0,0,1,1,1,0,0,0,1,0,0,0,0,0,1,0,0,0,0,0,0,High
TAITA TAVETA,fmr_343,0.25,corn,0.06666666666666667,0.0625,0.0,0.2727272727272727,Manual,Rain,No,0.43589743589743435,0.6111111111110858,0,0,0,1,1,1,0,0,0,0,1,0,0,0,1,0,0,0,1,0,1,0,Medium
TAITA TAVETA,fmr_350,0.375,corn,0.13333333333333336,0.0625,0.0,0.2727272727272727,Manual,Rain,No,0.3589743589743577,0.6111111111110858,0,0,0,1,0,1,0,0,0,0,1,1,0,0,0,0,0,0,0,1,1,0,Medium
TAITA TAVETA,fmr_394,0.125,corn,0.06666666666666667,0.0625,0.16666666666666669,0.2727272727272727,Manual,Rain,No,0.43589743589743435,0.6111111111110858,0,0,0,1,1,1,0,0,0,0,0,1,1,0,0,0,0,0,1,0,0,0,Medium
TAITA TAVETA,fmr_34,0.375,corn,0.06666666666666667,0.10416666666666669,0.4166666666666667,0.23636363636363636,Manual,Rain,No,0.6410256410256405,0.1666666666666572,0,0,0,1,0,0,1,0,0,0,0,1,0,1,0,0,1,0,0,1,1,0,Medium
TAITA TAVETA,fmr_154,0.375,corn,0.2,0.16666666666666669,0.16666666666666669,0.23636363636363636,Manual,Rain,No,0.615384615384615,0.11111111111111427,0,0,0,1,0,0,1,0,0,0,0,1,0,0,0,0,0,0,1,0,1,0,High
TAITA TAVETA,fmr_191,0.625,corn,0.06666666666666667,0.0,0.0,0.23636363636363636,Manual,Rain,No,0.3333333333333339,0.6111111111110858,0,0,0,1,0,1,0,0,0,0,0,1,0,0,1,0,0,0,1,0,0,1,Low
TAITA TAVETA,fmr_203,0.5,corn,0.06666666666666667,0.0,0.3333333333333333,0.23636363636363636,Manual,Rain,No,0.3076923076923066,0.6111111111110858,0,0,0,1,0,1,0,0,0,0,0,0,0,0,0,0,0,0,0,0,1,0,Low
TAITA TAVETA,fmr_232,0.625,corn,0.06666666666666667,0.0,0.0,0.23636363636363636,Manual,Rain,No,0.7692307692307683,0.30555555555555713,0,0,0,1,0,1,0,0,0,0,0,0,0,0,1,0,0,0,0,0,1,0,Low
TAITA TAVETA,fmr_233,0.375,corn,0.06666666666666667,0.010416666666666671,0.16666666666666669,0.23636363636363636,Manual,Rain,No,0.5897435897435894,0.27777777777777146,0,0,0,1,0,0,1,0,0,0,0,0,0,1,0,0,0,0,0,0,0,0,Low
TAITA TAVETA,fmr_236,0.5,corn,0.06666666666666667,0.020833333333333336,0.0,0.23636363636363636,Manual,Rain,No,0.0,0.27777777777777146,0,0,0,1,0,0,1,0,0,0,0,0,0,0,0,0,0,0,0,1,1,0,Low
TAITA TAVETA,fmr_237,0.5,corn,0.06666666666666667,0.16666666666666669,0.16666666666666669,0.23636363636363636,Manual,Rain,No,0.7692307692307683,0.2499999999999858,0,0,0,1,0,0,1,0,0,0,0,0,0,1,0,0,0,1,0,1,1,0,High
TAITA TAVETA,fmr_259,0.25,corn,0.2,0.010416666666666671,0.0,0.23636363636363636,Manual,Rain,No,0.38461538461538325,0.30555555555555713,0,0,0,1,0,0,1,0,0,1,0,0,0,0,0,0,0,0,1,1,1,0,Low
TAITA TAVETA,fmr_292,0.25,corn,0.06666666666666667,0.0625,0.3333333333333333,0.23636363636363636,Manual,Rain,No,0.615384615384615,0.27777777777777146,0,0,0,1,1,0,1,0,0,1,0,1,0,1,0,0,0,0,1,0,1,0,Medium
TAITA TAVETA,fmr_293,0.25,corn,0.2,0.27083333333333337,0.0,0.23636363636363636,Manual,Rain,No,0.7692307692307683,0.2499999999999858,0,0,0,1,1,0,1,0,0,1,0,0,0,0,1,0,0,0,0,1,0,0,High
TAITA TAVETA,fmr_309,0.5,corn,0.4,0.16666666666666669,0.0,0.23636363636363636,Manual,Rain,No,0.38461538461538325,0.1666666666666572,0,0,0,1,0,0,1,0,0,1,0,0,0,0,1,0,0,0,1,0,1,0,High
TAITA TAVETA,fmr_316,0.5,corn,0.0,0.0625,0.0,0.23636363636363636,Manual,Rain,No,0.7692307692307683,0.2499999999999858,0,0,0,1,0,0,1,0,0,1,0,0,0,1,0,0,1,0,0,1,0,0,Medium
TAITA TAVETA,fmr_330,0.5,corn,0.2,0.0625,0.0,0.23636363636363636,Manual,Rain,No,0.4102564102564088,0.6111111111110858,0,0,0,1,0,0,1,0,0,1,0,0,0,1,0,0,0,0,0,1,1,0,Medium
TAITA TAVETA,fmr_344,0.5,corn,0.0,0.14583333333333334,0.16666666666666669,0.23636363636363636,Manual,Rain,No,0.7692307692307683,0.19444444444444287,0,0,0,1,0,0,1,0,0,0,1,0,0,1,0,0,0,1,0,1,1,0,Medium
TAITA TAVETA,fmr_364,0.375,corn,0.06666666666666667,0.125,0.16666666666666669,0.23636363636363636,Manual,Rain,No,0.9487179487179471,0.08333333333331439,0,0,0,1,0,0,1,0,0,0,0,0,0,1,0,0,0,0,0,0,1,0,Medium
TAITA TAVETA,fmr_373,0.25,corn,0.2,0.16666666666666669,0.0,0.23636363636363636,Manual,Rain,No,0.897435897435896,0.11111111111111427,0,0,0,1,0,0,1,0,0,0,0,0,1,0,0,0,0,0,0,0,1,0,High
TAITA TAVETA,fmr_386,0.5,corn,0.06666666666666667,0.0,0.16666666666666669,0.23636363636363636,Manual,Rain,No,0.615384615384615,0.3333333333333286,0,0,0,1,0,1,0,0,0,0,0,0,0,0,1,0,1,0,0,1,1,0,Low
TAITA TAVETA,fmr_397,0.125,corn,0.2,0.020833333333333336,0.3333333333333333,0.23636363636363636,Manual,Rain,No,0.6923076923076916,0.4166666666666714,0,0,0,1,0,0,1,0,0,0,0,0,0,0,1,0,0,0,1,0,0,1,Low
TAITA TAVETA,fmr_398,0.125,corn,0.2,0.16666666666666669,0.0,0.23636363636363636,Manual,Rain,No,0.6410256410256405,0.30555555555555713,0,0,0,1,0,0,1,0,0,0,0,1,0,0,0,0,0,0,0,1,1,0,High
TAITA TAVETA,fmr_317,0.5,corn,0.06666666666666667,0.0,0.0,0.19999999999999998,Manual,Rain,No,0.5897435897435894,0.27777777777777146,0,0,0,1,0,0,1,0,0,1,0,0,0,1,0,0,0,0,1,0,1,0,Low
TAITA TAVETA,fmr_331,0.5,corn,0.06666666666666667,0.2708333333333333,0.16666666666666669,0.19999999999999998,Manual,Rain,No,0.6923076923076916,0.44444444444444287,0,0,0,1,0,0,1,0,0,1,0,1,0,1,0,0,0,0,1,0,0,1,High
TAITA TAVETA,fmr_36,0.375,corn,0.13333333333333336,0.0,0.3333333333333333,0.1818181818181818,Manual,Rain,No,0.6410256410256405,0.1666666666666572,0,0,0,1,0,0,1,0,0,0,0,0,0,0,1,0,0,0,0,0,1,0,Low
TAITA TAVETA,fmr_155,0.375,corn,0.06666666666666667,0.010416666666666671,0.16666666666666669,0.1818181818181818,Manual,Rain,No,0.5897435897435894,0.27777777777777146,0,0,0,1,0,0,1,0,0,0,0,1,0,0,0,0,0,0,0,1,1,0,Low
TAITA TAVETA,fmr_234,0.375,corn,0.4,0.0625,0.16666666666666669,0.1818181818181818,Manual,Rain,No,0.3076923076923066,0.6111111111110858,0,0,0,1,0,0,1,0,0,0,0,0,0,1,0,0,0,0,0,0,0,0,Medium
TAITA TAVETA,fmr_239,0.5,corn,0.13333333333333336,0.010416666666666671,0.16666666666666669,0.1818181818181818,Manual,Rain,No,0.7692307692307683,0.27777777777777146,0,0,0,1,0,0,1,0,0,0,0,0,0,0,1,0,0,0,0,1,1,0,Low
TAITA TAVETA,fmr_240,0.5,corn,0.0,0.2708333333333333,0.3333333333333333,0.1818181818181818,Manual,Rain,No,0.6666666666666661,0.36111111111110006,0,0,0,1,0,0,1,0,0,0,0,0,0,0,0,0,0,0,0,1,1,0,High
TAITA TAVETA,fmr_260,0.25,corn,0.2,0.0625,0.16666666666666669,0.1818181818181818,Manual,Rain,No,0.7692307692307683,0.3333333333333286,0,0,0,1,0,0,1,0,0,1,0,0,0,0,0,0,0,0,1,1,1,0,Medium
TAITA TAVETA,fmr_345,0.5,corn,0.13333333333333336,0.0,0.16666666666666669,0.1818181818181818,Manual,Rain,No,0.3589743589743577,0.6111111111110858,0,0,0,1,0,0,1,0,0,0,1,0,0,0,0,0,0,0,0,1,1,0,Low
TAITA TAVETA,fmr_374,0.25,corn,0.2,0.010416666666666671,0.16666666666666669,0.1818181818181818,Manual,Rain,No,0.8461538461538449,0.1666666666666572,0,0,0,1,0,0,1,0,0,0,0,0,0,1,0,0,1,0,0,1,0,0,Low
TAITA TAVETA,fmr_376,0.375,corn,0.33333333333333337,0.0,0.16666666666666669,0.1818181818181818,Manual,Rain,No,0.38461538461538325,0.1666666666666572,0,0,0,1,0,0,1,0,0,0,0,0,0,0,1,0,0,0,0,0,1,0,Low
TAITA TAVETA,fmr_399,0.125,corn,0.0,0.041666666666666664,0.0,0.1818181818181818,Manual,Rain,No,0.38461538461538325,0.6111111111110858,0,0,0,1,0,0,1,0,0,0,0,1,0,0,1,0,0,0,1,0,0,1,Low
TAITA TAVETA,fmr_402,0.125,corn,0.0,0.0,0.16666666666666669,0.15454545454545454,Manual,Rain,No,0.4102564102564088,0.1666666666666572,0,0,0,1,0,0,1,0,0,0,0,0,0,0,1,0,0,0,1,0,0,1,Low
TAITA TAVETA,fmr_294,0.25,corn,0.0,0.04583333333333333,0.3333333333333333,0.12727272727272726,Manual,Rain,No,0.6923076923076916,0.1666666666666572,0,0,0,1,1,0,1,0,0,1,0,1,0,1,0,0,0,0,1,0,1,0,Low
TAITA TAVETA,fmr_37,0.375,corn,0.13333333333333336,0.010416666666666671,0.16666666666666669,0.09090909090909091,Manual,Rain,No,0.615384615384615,0.11111111111111427,0,0,0,1,0,0,1,0,0,0,0,1,0,1,0,0,1,0,0,1,1,0,Low
TAITA TAVETA,fmr_106,0.5,corn,0.06666666666666667,0.010416666666666671,0.16666666666666669,0.09090909090909091,Manual,Rain,No,0.7692307692307683,0.3333333333333286,0,0,0,1,0,0,0,1,0,0,0,0,0,0,1,0,0,0,0,0,1,0,Low
TAITA TAVETA,fmr_163,0.375,corn,0.06666666666666667,0.0625,0.16666666666666669,0.09090909090909091,Manual,Rain,No,0.6410256410256405,0.27777777777777146,0,0,0,1,1,0,0,1,0,0,0,0,0,0,0,1,0,0,0,0,0,0,Medium
TAITA TAVETA,fmr_165,0.375,corn,0.06666666666666667,0.2708333333333333,0.4166666666666667,0.09090909090909091,Manual,Rain,No,0.5897435897435894,0.2499999999999858,0,0,0,1,1,0,0,1,0,0,0,0,0,0,1,0,0,0,0,0,0,1,High
TAITA TAVETA,fmr_246,0.25,corn,0.13333333333333336,0.0625,0.0,0.09090909090909091,Manual,Rain,No,0.9743589743589745,0.055555555555542924,0,0,0,1,0,0,0,1,0,0,0,0,0,1,0,0,0,0,0,0,1,0,Medium
TAITA TAVETA,fmr_257,0.25,corn,0.06666666666666667,0.27083333333333337,0.3333333333333333,0.09090909090909091,Manual,Rain,No,0.38461538461538325,0.36111111111110006,0,0,0,1,0,0,0,1,0,0,0,0,0,0,1,0,0,0,1,0,0,0,High
TAITA TAVETA,fmr_318,0.5,corn,0.06666666666666667,0.0,0.3333333333333333,0.09090909090909091,Manual,Rain,No,0.6666666666666661,0.1666666666666572,0,0,0,1,0,0,1,0,0,1,0,0,0,1,0,0,1,0,0,1,0,0,Low
TAITA TAVETA,fmr_332,0.5,corn,0.013333333333333336,0.010416666666666671,0.16666666666666669,0.09090909090909091,Manual,Rain,No,0.3589743589743577,0.6111111111110858,0,0,0,1,0,0,1,0,0,0,1,0,0,1,0,0,0,0,0,1,1,0,Low
TAITA TAVETA,fmr_38,0.375,corn,0.2,0.0625,0.0,0.07272727272727272,Manual,Rain,No,0.6410256410256405,0.1666666666666572,0,0,0,1,0,0,1,0,0,0,0,0,0,0,0,0,0,0,1,0,1,0,Medium
TAITA TAVETA,fmr_101,0.625,corn,0.06666666666666667,0.041666666666666664,0.16666666666666669,0.07272727272727272,Manual,Rain,No,0.3589743589743577,0.36111111111110006,0,0,0,1,1,0,0,0,1,0,0,0,0,0,1,0,0,0,0,1,1,0,Low
TAITA TAVETA,fmr_107,0.5,corn,0.06666666666666667,0.0625,0.3333333333333333,0.07272727272727272,Manual,Rain,No,0.7435897435897427,0.2499999999999858,0,0,0,1,0,0,0,1,0,0,0,1,0,0,1,0,0,0,1,0,0,1,Medium
TAITA TAVETA,fmr_166,0.375,corn,0.06666666666666667,0.16666666666666669,0.4166666666666667,0.07272727272727272,Manual,Rain,No,0.7948717948717938,0.11111111111111427,0,0,0,1,1,0,0,1,0,0,0,1,0,0,0,0,0,0,0,1,1,0,High
TAITA TAVETA,fmr_268,0.25,corn,0.4,0.27083333333333337,0.0,0.07272727272727272,Manual,Rain,No,0.3333333333333339,0.30555555555555713,0,0,0,1,0,0,0,1,0,0,0,0,0,1,0,0,0,1,0,0,1,0,High
TAITA TAVETA,fmr_319,0.5,corn,0.2,0.0625,0.0,0.07272727272727272,Manual,Rain,No,0.3333333333333339,0.6111111111110858,0,0,0,1,0,0,1,0,0,1,0,0,0,1,0,0,0,0,1,0,0,1,Medium
TAITA TAVETA,fmr_333,0.5,corn,0.06666666666666667,0.0625,0.16666666666666669,0.07272727272727272,Manual,Rain,No,0.7692307692307683,0.2499999999999858,0,0,0,1,0,0,1,0,0,0,1,1,0,1,0,0,0,0,0,0,1,0,Medium
TAITA TAVETA,fmr_167,0.375,corn,0.0,0.004166666666666666,0.3333333333333333,0.03636363636363635,Manual,Rain,No,0.43589743589743435,0.6111111111110858,0,0,0,1,1,0,0,1,0,0,0,1,0,1,0,0,0,0,1,0,0,0,Low
TAITA TAVETA,fmr_290,0.25,corn,0.06666666666666667,0.041666666666666664,0.0,0.03636363636363635,Manual,Rain,No,0.3333333333333339,0.3333333333333286,0,0,0,1,0,0,0,1,0,0,0,0,0,0,1,0,0,0,1,0,1,0,Low
TAITA TAVETA,fmr_39,0.375,corn,0.06666666666666667,0.02291666666666666,0.16666666666666669,0.0,Manual,Rain,No,0.5897435897435894,0.08333333333331439,0,0,0,1,0,0,1,0,0,0,0,0,0,0,1,0,0,0,1,0,0,0,Low
TAITA TAVETA,fmr_108,0.5,corn,0.06666666666666667,0.02291666666666666,0.0,0.0,Manual,Rain,No,0.7692307692307683,0.3333333333333286,0,0,0,1,0,0,0,1,0,0,0,1,0,0,0,1,0,0,0,0,1,0,Low
TAITA TAVETA,fmr_169,0.375,corn,0.06666666666666667,0.0625,0.16666666666666669,0.0,Manual,Rain,No,0.23076923076922995,0.6111111111110858,0,0,0,1,1,0,0,1,0,0,0,1,0,0,0,0,0,0,0,1,1,0,Medium
TAITA TAVETA,fmr_301,0.25,corn,0.33333333333333337,0.0625,0.0,0.0,Manual,Rain,No,0.9487179487179471,0.08333333333331439,0,0,0,1,0,0,0,1,0,0,0,1,0,0,1,0,0,0,0,1,0,0,Medium
TAITA TAVETA,fmr_98,0.75,corn,0.2,0.041666666666666664,0.0,0.8909090909090909,Manual,Rain,No,0.5128205128205128,0.19444444444444287,0,0,1,0,0,0,0,0,0,0,0,1,0,0,1,0,0,0,1,0,0,1,Low
TAITA TAVETA,fmr_327,0.375,corn,0.4,0.08333333333333334,0.0,0.8909090909090909,Manual,Rain,No,0.7692307692307683,0.30555555555555713,0,0,1,0,1,0,0,0,0,1,0,0,0,1,0,0,0,1,0,1,1,0,Medium
TAITA TAVETA,fmr_99,0.75,corn,0.33333333333333337,0.020833333333333336,0.0,0.7272727272727273,Manual,Rain,No,0.7179487179487172,0.19444444444444287,0,0,1,0,0,0,0,0,0,0,0,0,0,0,1,0,1,0,0,0,1,0,Low
TAITA TAVETA,fmr_103,0.625,corn,0.06666666666666667,0.0,0.0,0.7272727272727273,Manual,Rain,No,0.6666666666666661,0.27777777777777146,0,0,1,0,0,0,0,0,0,0,0,0,0,1,0,0,0,0,0,1,0,0,Low
TAITA TAVETA,fmr_328,0.375,corn,0.2,0.0625,0.0,0.7272727272727273,Manual,Rain,No,0.4102564102564088,0.2499999999999858,0,0,1,0,1,0,0,0,0,1,0,0,0,0,0,0,0,0,0,0,1,0,Medium
TAITA TAVETA,fmr_100,0.75,corn,0.2,0.020833333333333336,0.16666666666666669,0.5636363636363636,Manual,Rain,No,0.5384615384615365,0.3333333333333286,0,0,1,0,0,0,0,0,0,0,0,0,0,0,1,0,1,0,0,0,1,0,Low
TAITA TAVETA,fmr_211,0.625,corn,0.06666666666666667,0.27083333333333337,0.16666666666666669,0.5636363636363636,Manual,Rain,No,0.6410256410256405,0.22222222222221433,0,0,1,0,0,1,0,0,0,0,0,1,0,0,1,0,0,0,0,1,0,0,High
TAITA TAVETA,fmr_329,0.375,corn,0.2,0.0625,0.0,0.5636363636363636,Manual,Rain,No,0.7692307692307683,0.3333333333333286,0,0,1,0,1,0,0,0,0,1,0,0,0,0,0,0,0,0,0,0,1,0,Medium
TAITA TAVETA,fmr_357,0.75,corn,0.2,0.16666666666666669,0.16666666666666669,0.509090909090909,Manual,Rain,No,0.8717948717948723,0.2499999999999858,0,0,1,0,0,1,0,0,0,0,0,0,0,0,0,0,0,0,0,1,1,0,High
TAITA TAVETA,fmr_112,0.125,corn,0.4,0.0625,0.0,0.4545454545454545,Manual,Rain,No,0.38461538461538325,0.3888888888888715,0,0,1,0,0,1,0,0,0,0,0,1,0,0,0,0,0,0,0,1,1,0,Medium
TAITA TAVETA,fmr_35,0.125,corn,0.2,0.0625,0.0,0.4,Manual,Rain,No,0.43589743589743435,0.3888888888888715,0,0,1,0,0,1,0,0,0,0,0,1,0,0,0,0,0,0,0,1,1,0,Medium
TAITA TAVETA,fmr_157,0.125,corn,0.0,0.27083333333333337,0.3333333333333333,0.4,Manual,Rain,No,0.3589743589743577,0.3333333333333286,0,0,1,0,0,1,0,0,0,0,0,1,0,0,0,0,0,0,0,1,1,0,High
TAITA TAVETA,fmr_214,0.625,corn,0.06666666666666667,0.010416666666666671,0.0,0.4,Manual,Rain,No,0.7179487179487172,0.19444444444444287,0,0,1,0,0,1,0,0,0,0,0,0,0,1,0,0,0,1,0,1,1,0,Low
TAITA TAVETA,fmr_215,0.625,corn,0.06666666666666667,0.0625,0.0,0.4,Manual,Rain,No,0.4102564102564088,0.2499999999999858,0,0,1,0,0,1,0,0,0,0,0,0,0,0,0,0,0,0,0,0,1,0,Medium
TAITA TAVETA,fmr_361,0.75,corn,0.0,0.052083333333333336,0.3333333333333333,0.4,Manual,Rain,No,0.48717948717948545,0.36111111111110006,0,0,1,0,0,1,0,0,0,0,0,0,0,0,1,0,0,0,0,0,1,0,Medium
TAITA TAVETA,fmr_216,0.625,corn,0.2,0.041666666666666664,0.16666666666666669,0.3090909090909091,Manual,Rain,No,0.6410256410256405,0.30555555555555713,0,0,1,0,0,1,0,0,0,0,0,0,0,1,0,0,0,1,0,1,1,0,Low
TAITA TAVETA,fmr_279,0.125,corn,0.2,0.2708333333333333,0.16666666666666669,0.2727272727272727,Manual,Rain,No,0.9487179487179471,0.08333333333331439,0,0,1,0,0,1,0,0,0,0,0,1,0,0,0,0,0,0,0,1,1,0,High
TAITA TAVETA,fmr_362,0.75,corn,0.2,0.0625,0.16666666666666669,0.2727272727272727,Manual,Rain,No,0.5384615384615365,0.3333333333333286,0,0,1,0,0,1,0,0,0,0,0,0,0,0,1,0,0,0,0,0,1,0,Medium
TAITA TAVETA,fmr_164,0.625,corn,0.0,0.0625,0.4166666666666667,0.23636363636363636,Manual,Rain,No,0.8205128205128194,0.2499999999999858,0,0,1,0,1,0,1,0,0,0,0,0,0,0,1,0,0,0,0,0,1,0,Medium
TAITA TAVETA,fmr_217,0.625,corn,0.06666666666666667,0.0,0.0,0.23636363636363636,Manual,Rain,No,0.8205128205128194,0.2499999999999858,0,0,1,0,0,1,0,0,0,0,0,0,0,0,0,0,0,0,0,0,1,0,Low
TAITA TAVETA,fmr_337,0.75,corn,0.0,0.16666666666666669,0.16666666666666669,0.23636363636363636,Manual,Rain,No,0.0,0.27777777777777146,0,0,1,0,0,0,1,0,0,0,1,1,0,0,0,0,0,1,0,1,0,0,High
TAITA TAVETA,fmr_176,0.625,corn,0.06666666666666667,0.0625,0.16666666666666669,0.19999999999999998,Manual,Rain,No,0.43589743589743435,0.6111111111110858,0,0,1,0,1,0,1,0,0,0,0,0,0,0,0,0,0,0,0,0,1,0,Medium
TAITA TAVETA,fmr_349,0.75,corn,0.2,0.010416666666666671,0.16666666666666669,0.1818181818181818,Manual,Rain,No,0.4102564102564088,0.6111111111110858,0,0,1,0,0,0,1,0,0,0,1,0,0,1,0,0,0,0,1,0,1,0,Low
TAITA TAVETA,fmr_97,0.625,corn,0.06666666666666667,0.0625,0.0,0.1090909090909091,Manual,Rain,No,0.5897435897435894,0.22222222222221433,0,0,1,0,0,0,1,0,0,0,0,0,0,0,1,0,0,0,0,0,1,0,Medium
TAITA TAVETA,fmr_188,0.625,corn,0.13333333333333336,0.010416666666666671,0.16666666666666669,0.09090909090909091,Manual,Rain,No,0.2051282051282044,0.6111111111110858,0,0,1,0,1,0,1,0,0,0,0,0,0,0,1,0,0,0,0,0,1,0,Low
TAITA TAVETA,fmr_200,0.625,corn,0.0,0.0625,0.16666666666666669,0.07272727272727272,Manual,Rain,No,0.5897435897435894,0.27777777777777146,0,0,1,0,1,0,1,0,0,0,0,0,0,0,1,0,0,0,1,0,1,0,Medium
